Ship_types;Ship_sizes;Fuel_description;Sailed_time_hours;Sailed_distance_nm;Candidate_pg_criticalturn_starts;Candidate_pg_closetoshore;Candidate_coll_head;Candidate_coll_over;Candidate_coll_cross;Freq_pg_criticalturn;Freq_pg_closetoshore;Freq_dg;Freq_coll_head;Freq_coll_over;Freq_coll_cross;Freq_fou;Freq_fire;Total_freq;Freq_pg_criticalturn_fuelspill;Freq_pg_closetoshore_fuelspill;Freq_dg_fuelspill;Freq_coll_head_fuelspill;Freq_coll_over_fuelspill;Freq_coll_cross_fuelspill;Freq_fou_fuelspill;Freq_fire_fuelspill;Freq_fuelspill_total;Freq_pg_criticalturn_cargospill;Freq_pg_closetoshore_cargospill;Freq_dg_cargospill;Freq_coll_head_cargospill;Freq_coll_over_cargospill;Freq_coll_cross_cargospill;Freq_fou_cargospill;Freq_fire_cargospill;Freq_cargospill_total;Freq_spill_total;Spill_Volume_Fuel_Pg_Closetoshore;Spill_Volume_Fuel_Dg;Spill_Volume_Fuel_Pg_Criticalturn;Spill_Volume_Fuel_Collision_Head;Spill_Volume_Fuel_Collision_Over;Spill_Volume_Fuel_Collision_Cross;Spill_Volume_Fuel_Foundering;Spill_Volume_Fuel_Fire;Spill_Volume_Cargo_Pg_Closetoshore;Spill_Volume_Cargo_Dg;Spill_Volume_Cargo_Pg_Criticalturn;Spill_Volume_Cargo_Collision_Head;Spill_Volume_Cargo_Collision_Over;Spill_Volume_Cargo_Collision_Cross;Spill_Volume_Cargo_Foundering;Spill_Volume_Cargo_Fire;M1Fuel;M2Fuel;M3Fuel;M4Fuel;M5Fuel;M1Cargo;M2Cargo;M3Cargo;M4Cargo;M5Cargo;Freq_pg_criticalturn_fatality;Freq_pg_closetoshore_fatality;Freq_dg_fatality;Freq_coll_head_fatality;Freq_coll_over_fatality;Freq_coll_cross_fatality;Freq_fou_fatality;Freq_fire_fatality;Freq_fatality;Total_number_of_fatalities;Year;Analyseomraade
Bulk carriers;1. < 1000 GT;Distillate marine fuels;1537.619167;4039.833333;1502.666667;41.33333333;43.66666667;17;10.66666667;0.002452399;0.002619449;1;0.00E+00;0;0;0.000162747;0.000406867;0.007198067;7.09E-05;7.58E-05;2.22E-05;1.79E-06;6.44E-06;8.62E-06;3.08E-05;1.11E-05;0.000227659;0;0;0;0;0;0;0;0;0;0.000227659;0.000966115;0.000283307;0.000904503;5.90E-05;0.00021211;0.000283948;0.001260848;8.76E-05;0;0;0;0;0;0;0;0;4.76E-05;0;0;0;0;0;0;0;0;0;3.38E-07;3.61E-07;1.06E-07;1.43E-07;5.15E-07;5.15E-07;4.07E-06;1.11E-06;6.71E-06;1.84E-05;Base;1_1
Bulk carriers;2. 1000 - 4999 GT;Liquefied natural gas (LNG);276.7772222;1572.21;202.6666667;5.333333333;23.33333333;4.666666667;6.666666667;0.000326654;0.000340087;1.00E+00;0.00E+00;0;0;6.33E-05;0.000158343;0.001318328;0;0;0;0;0;0;0;0;0;0;0;0;0;0;0;0;0;0;0;0;0;0;0;0;0;0;0;0;0;0;0;0;0;0;0;0;0;0;0;0;0;0;0;0;0;4.50E-08;4.68E-08;6.93E-09;7.66E-08;1.41E-07;1.41E-07;1.58E-06;4.32E-07;2.42E-06;1.16E-05;Base;1_1
Bulk carriers;2. 1000 - 4999 GT;Residual marine fuels ISO F 10-80;1558.769815;6525.243333;755.3333333;13.66666667;93.33333333;22.33333333;35;0.001202352;0.00080658;1;0.00E+00;0;0;0.000262873;0.000657182;0.005027675;3.48E-05;2.33E-05;5.79E-06;3.83E-06;8.46E-06;2.83E-05;4.97E-05;1.79E-05;0.000172123;0;0;0;0;0;0;0;0;0;0.000172123;0.001001064;0.000248501;0.001492265;0.000424401;0.000937694;0.003135254;0.006853165;0.000475947;0;0;0;0;0;0;0;0;0.000265333;4.97E-05;0;0;0;0;0;0;0;0;1.66E-07;1.11E-07;2.76E-08;3.06E-07;6.77E-07;6.77E-07;6.57E-06;1.79E-06;1.01E-05;5.01E-05;Base;1_1
Bulk carriers;2. 1000 - 4999 GT;Residual marine fuels, ISO F >180;73.79625;406.725;44;0;4;1;01.mai;7.07E-05;0;1.00E+00;0.00E+00;0;0;1.64E-05;4.10E-05;0.000217873;2.05E-06;0;2.23E-07;1.64E-07;3.79E-07;1.21E-06;3.10E-06;1.12E-06;8.24E-06;0;0;0;0;0;0;0;0;0;8.24E-06;0;9.55E-06;8.78E-05;1.82E-05;4.20E-05;0.000134368;0.000427165;2.97E-05;0;0;0;0;0;0;0;0;1.10E-05;3.10E-06;0;0;0;0;0;0;0;0;9.74E-09;0;1.06E-09;1.31E-08;3.03E-08;3.03E-08;4.10E-07;1.12E-07;5.95E-07;2.82E-06;Base;1_1
Bulk carriers;3. 5000 - 9999 GT;Distillate marine fuels;117.875463;1082.62;21.33333333;0;9;2.333333333;3.666666667;3.44E-05;0;1.00E+00;0.00E+00;0;0;4.36E-05;0.000109035;0.000392735;9.95E-07;0;2.44E-07;3.69E-07;8.84E-07;2.96E-06;8.25E-06;2.97E-06;1.67E-05;0;0;0;0;0;0;0;0;0;1.67E-05;0;2.87E-05;0.000117156;0.000112349;0.00026895;0.000901703;0.003121459;0.000216783;0;0;0;0;0;0;0;0;1.45E-05;4.22E-06;8.25E-06;0;0;0;0;0;0;0;4.74E-09;0;1.16E-09;2.95E-08;7.07E-08;7.07E-08;1.09E-06;2.97E-07;1.56E-06;1.09E-05;Base;1_1
Bulk carriers;3. 5000 - 9999 GT;Residual marine fuels ISO F 10-80;730.6149074;4258.37;491.6666667;3.333333333;47.66666667;10.66666667;18.66666667;0.000805265;0.000212554;1;0.00E+00;0;0;0.000171551;0.000428877;0.002721454;2.33E-05;6.15E-06;3.38E-06;1.96E-06;4.04E-06;1.51E-05;3.25E-05;1.17E-05;9.80E-05;0;0;0;0;0;0;0;0;0;9.80E-05;0.000724221;0.000397968;0.002743724;0.000595033;0.001229485;0.004590486;0.012277926;0.000852692;0;0;0;0;0;0;0;0;0.000119015;2.11E-05;3.25E-05;0;0;0;0;0;0;0;1.11E-07;2.93E-08;1.61E-08;1.56E-07;3.23E-07;3.23E-07;4.29E-06;1.17E-06;6.29E-06;4.59E-05;Base;1_1
Bulk carriers;3. 5000 - 9999 GT;Residual marine fuels, ISO F 80-180;89.98296296;981.08;36.66666667;0;3.333333333;2.333333333;1.666666667;5.66E-05;0;1.00E+00;0.00E+00;0;0;3.95E-05;9.88E-05;0.000311868;1.64E-06;0;1.79E-07;1.37E-07;8.84E-07;1.35E-06;7.48E-06;2.69E-06;1.44E-05;0;0;0;0;0;0;0;0;0;1.44E-05;0;2.11E-05;0.000192741;4.16E-05;0.00026895;0.000409865;0.002828695;0.000196451;0;0;0;0;0;0;0;0;1.15E-05;2.37E-06;7.48E-06;0;0;0;0;0;0;0;7.79E-09;0;8.53E-10;1.09E-08;7.07E-08;7.07E-08;9.88E-07;2.69E-07;1.41E-06;9.12E-06;Base;1_1
Bulk carriers;4. 10000 - 24999 GT;Distillate marine fuels;4.178055556;42.13;10.mai;0;0.5;0;0;1.75E-05;0;1.00E+00;0.00E+00;0;0;1.70E-06;4.24E-06;2.46E-05;5.05E-07;0;6.39E-09;2.05E-08;0;0;3.21E-07;1.16E-07;9.69E-07;0;0;0;0;0;0;0;0;0;9.69E-07;0;1.94E-06;0.000153614;1.61E-05;0;0;0.000313487;2.18E-05;0;0;0;0;0;0;0;0;0;6.48E-07;5.29E-07;3.21E-07;0;0;0;0;0;0;2.41E-09;0;3.04E-11;1.64E-09;0;0;4.24E-08;1.16E-08;5.56E-08;4.83E-07;Base;1_1
Bulk carriers;4. 10000 - 24999 GT;Residual marine fuels, ISO F 80-180;408.5736111;4427.503333;329.6666667;0;109.6666667;23.33333333;36.33333333;0.000544608;0;1.00E+00;0.00E+00;0;0;0.000178364;0.000445911;0.003206188;1.58E-05;0;1.14E-06;4.50E-06;8.84E-06;2.94E-05;3.37E-05;1.22E-05;0.000105488;0;0;0;0;0;0;0;0;0;0.000105488;0;0.000345984;0.004788862;0.003533034;0.006940939;0.02305919;0.032944846;0.002287993;0;0;0;0;0;0;0;0;0;7.17E-05;0.000103504;3.37E-05;0;0;0;0;0;0;7.50E-08;0;5.42E-09;3.60E-07;7.07E-07;7.07E-07;4.46E-06;1.22E-06;7.45E-06;7.74E-05;Base;1_1
Bulk carriers;4. 10000 - 24999 GT;Residual marine fuels, ISO F >180;577.1512963;6763.063333;290.6666667;0;104.3333333;27;21.33333333;0.000483603;0;1.00E+00;0.00E+00;0;0;0.000272454;0.000681134;0.00298053;1.40E-05;0;1.67E-06;4.28E-06;1.02E-05;1.72E-05;5.15E-05;1.86E-05;0.000117525;0;0;0;0;0;0;0;0;0;0.000117525;0;0.000508595;0.004252431;0.003361215;0.008031658;0.013539341;0.050323638;0.003494936;0;0;0;0;0;0;0;0;0;6.60E-05;8.20E-05;5.15E-05;0;0;0;0;0;0;6.66E-08;0;7.97E-09;3.42E-07;8.18E-07;8.18E-07;6.81E-06;1.86E-06;1.06E-05;9.46E-05;Base;1_1
Bulk carriers;5. 25000 - 49999 GT;Residual marine fuels, ISO F 80-180;46.055;442.81;60.33333333;0;1.666666667;0.333333333;3.666666667;0.000103154;0;1.00E+00;0.00E+00;0;0;1.78E-05;4.46E-05;0.000316504;2.98E-06;0;9.13E-08;6.84E-08;1.26E-07;2.96E-06;3.37E-06;1.22E-06;1.08E-05;0;0;0;0;0;0;0;0;0;1.08E-05;0;4.46E-05;0.001457811;8.63E-05;0.000159363;0.003740051;0.005295578;0.000367774;0;0;0;0;0;0;0;0;0;3.08E-06;1.06E-05;3.16E-06;3.37E-06;0;0;0;0;0;1.42E-08;0;4.35E-10;5.47E-09;1.01E-08;1.01E-08;4.46E-07;1.22E-07;5.93E-07;7.38E-06;Base;1_1
Bulk carriers;5. 25000 - 49999 GT;Residual marine fuels, ISO F >180;9.754027778;97.505;19;0;0;0;0.5;2.99E-05;0;1.00E+00;0.00E+00;0;0;3.93E-06;9.82E-06;6.34E-05;8.66E-07;0;2.21E-08;0;0;4.04E-07;7.43E-07;2.68E-07;2.30E-06;0;0;0;0;0;0;0;0;0;2.30E-06;0;1.08E-05;0.000423235;0;0;0.000510007;0.001166065;8.10E-05;0;0;0;0;0;0;0;0;0;8.88E-07;1.94E-06;4.04E-07;7.43E-07;0;0;0;0;0;4.13E-09;0;1.05E-10;0;0;0;9.82E-08;2.68E-08;1.25E-07;1.42E-06;Base;1_1
Bulk carriers;6. 50000 - 99999 GT;Residual marine fuels, ISO F >180;0;0;0;0;0;0;0;0;0;1.00E+00;0.00E+00;0;0;0;0;3.97E-52;0;0;1.15E-53;0;0;0;0;0;1.15E-53;0;0;0;0;0;0;0;0;0;1.15E-53;0;1.07E-50;0;0;0;0;0;0;0;0;0;0;0;0;0;0;0;0;1.15E-53;1.03E-53;0;0;0;0;0;0;0;0;5.48E-56;0;0;0;0;0;0;4.85E-55;Base;1_1
Chemical tankers;1. < 1000 GT;Distillate marine fuels;1601.07037;6247.503333;2185;18.33333333;59;11;9;0.001784909;0.000507417;1.00E+00;0.00E+00;0;0;2.77E-05;0.000221661;0.004211008;5.16E-05;1.47E-05;2.76E-05;2.95E-06;5.32E-06;7.02E-06;5.24E-06;6.05E-06;0.000120475;5.16E-05;1.47E-05;2.76E-05;2.95E-06;5.32E-06;7.02E-06;5.24E-06;6.05E-06;0.000120475;0.00024095;0.000184177;0.000346329;0.000647867;9.55E-05;0.000172452;0.000227489;0.000211252;4.69E-05;0.00061206;0.001131;0.002115717;0.000456842;0.000823166;0.001085632;0.001206476;0.000220327;2.05E-05;0;0;0;0;0.000231745;5.26E-06;0;0;0;2.46E-07;6.99E-08;1.31E-07;2.36E-07;4.26E-07;4.26E-07;6.93E-07;6.05E-07;2.73E-06;5.67E-06;Base;1_1
Chemical tankers;2. 1000 - 4999 GT;Distillate marine fuels;39.90916667;261.08;26;0;1;1;0;1.87E-05;0;1.00E+00;0.00E+00;0;0;1.16E-06;9.26E-06;5.92E-05;5.40E-07;0;1.50E-07;4.99E-08;4.84E-07;0;2.19E-07;2.53E-07;1.69E-06;5.40E-07;0;1.50E-07;4.99E-08;4.84E-07;0;2.19E-07;2.53E-07;1.69E-06;3.39E-06;0;9.82E-06;3.53E-05;8.43E-06;8.17E-05;0;4.60E-05;1.02E-05;0;5.35E-05;0.000179874;7.29E-05;0.000435851;0;0.000424072;7.62E-05;3.22E-06;0;2.19E-07;0;0;6.43E-07;2.58E-06;2.19E-07;0;0;2.57E-09;0;7.15E-10;3.99E-09;3.87E-08;3.87E-08;2.89E-08;2.53E-08;1.37E-07;4.84E-07;Base;1_1
Chemical tankers;2. 1000 - 4999 GT;Liquefied natural gas (LNG);603.5081481;5151.023333;523.6666667;1.666666667;96.33333333;25.33333333;13.66666667;0.00042203;5.82E-05;1.00E+00;0.00E+00;0;0;2.28E-05;0.000182758;0.002062343;0;0;0;0;0;0;0;0;0;1.22E-05;1.68E-06;2.30E-06;4.81E-06;1.22E-05;1.07E-05;4.32E-06;4.98E-06;5.32E-05;5.32E-05;0;0;0;0;0;0;0;0;0.000517176;0.000705415;0.003746036;0.005823424;0.014827007;0.012904979;0.007867912;0.001414574;0;0;0;0;0;4.22E-07;0.000119662;4.32E-06;0;0;5.81E-08;8.02E-09;1.09E-08;3.85E-07;9.80E-07;9.80E-07;5.71E-07;4.98E-07;3.45E-06;1.74E-05;Base;1_1
Chemical tankers;2. 1000 - 4999 GT;Residual marine fuels ISO F 10-80;5573.387315;27975.52667;4119.666667;122.6666667;285;74;53;0.003411387;0.004028811;1.00E+00;0.00E+00;0;0;0.000124071;0.000992572;0.013762557;9.87E-05;0.000116536;2.69E-05;1.42E-05;3.58E-05;4.13E-05;2.35E-05;2.71E-05;0.000384029;9.87E-05;0.000116536;2.69E-05;1.42E-05;3.58E-05;4.13E-05;2.35E-05;2.71E-05;0.000384029;0.000768058;0.007618296;0.001761354;0.006450776;0.00240387;0.00604392;0.006979186;0.004928152;0.00109522;0.024635199;0.005164665;0.019550833;0.01150007;0.028265366;0.034446818;0.027868995;0.005010572;0.000767653;0;2.35E-05;0;0;0.000358088;0.000420465;1.26E-05;0;0;4.70E-07;5.55E-07;1.28E-07;1.14E-06;2.86E-06;2.86E-06;3.10E-06;2.71E-06;1.36E-05;7.16E-05;Base;1_1
Chemical tankers;2. 1000 - 4999 GT;Residual marine fuels, ISO F 80-180;72.70694444;290.28;46.5;0;5;01.mai;0;3.65E-05;0;1.00E+00;0.00E+00;0;0;1.29E-06;1.03E-05;0.000108766;1.06E-06;0;4.35E-07;2.50E-07;7.25E-07;0;2.44E-07;2.81E-07;2.99E-06;1.06E-06;0;4.35E-07;2.50E-07;7.25E-07;0;2.44E-07;2.81E-07;2.99E-06;5.98E-06;0;2.85E-05;6.90E-05;4.22E-05;0.000122512;0;5.11E-05;1.14E-05;0;0.000133885;0.00032269;0.000303712;0.000804039;0;0.000439694;7.91E-05;6.11E-06;0;2.44E-07;0;0;2.81E-07;5.83E-06;2.44E-07;0;0;5.03E-09;0;2.07E-09;2.00E-08;5.80E-08;5.80E-08;3.22E-08;2.81E-08;2.01E-07;7.29E-07;Base;1_1
Chemical tankers;2. 1000 - 4999 GT;Residual marine fuels, ISO F >180;1392.495463;6884.843333;1058.333333;16.33333333;79.66666667;17.33333333;16;0.000914353;0.000561112;1.00E+00;0.00E+00;0;0;3.05E-05;0.000244274;0.003069439;2.64E-05;1.62E-05;4.54E-06;3.98E-06;8.38E-06;1.25E-05;5.78E-06;6.66E-06;8.45E-05;2.64E-05;1.62E-05;4.54E-06;3.98E-06;8.38E-06;1.25E-05;5.78E-06;6.66E-06;8.45E-05;0.000168983;0.001061036;0.000296883;0.001729;0.000671959;0.001415693;0.002106924;0.00121283;0.000269536;0.005243474;0.001479328;0.008805793;0.005184837;0.010868265;0.017112688;0.01142915;0.002054849;0.000172477;0;5.78E-06;0;0;7.67E-06;0.000164808;5.78E-06;0;0;1.26E-07;7.73E-08;2.16E-08;3.18E-07;6.70E-07;6.70E-07;7.63E-07;6.66E-07;3.23E-06;1.84E-05;Base;1_1
Chemical tankers;3. 5000 - 9999 GT;Distillate marine fuels;906.607963;2934.416667;314.6666667;34.66666667;29.66666667;8.333333333;7.333333333;0.000251974;0.001211105;1.00E+00;0.00E+00;0;0;1.30E-05;0.000104113;0.002172292;7.29E-06;3.50E-05;1.93E-06;1.48E-06;4.03E-06;5.72E-06;2.46E-06;2.84E-06;6.08E-05;7.29E-06;3.50E-05;1.93E-06;1.48E-06;4.03E-06;5.72E-06;2.46E-06;2.84E-06;6.08E-05;0.000121554;0.004821354;0.000265247;0.001003099;0.000526794;0.001432888;0.002032997;0.001088263;0.000241853;0.014493806;0.000797377;0.003015485;0.002565661;0.006978631;0.009901359;0.006534997;0.001150271;0.000110047;1.12E-05;0;2.46E-06;0;0;0.000110047;1.37E-05;0;0;3.47E-08;1.67E-07;9.18E-09;1.19E-07;3.22E-07;3.22E-07;3.25E-07;2.84E-07;1.56E-06;1.08E-05;Base;1_1
Chemical tankers;3. 5000 - 9999 GT;Residual marine fuels ISO F 10-80;1524.765648;5286.606667;788.6666667;18.66666667;73.66666667;17.66666667;18.33333333;0.000629936;0.000652133;1.00E+00;0.00E+00;0;0;2.34E-05;0.000187569;0.002852983;1.82E-05;1.89E-05;3.44E-06;3.68E-06;8.54E-06;1.43E-05;4.44E-06;5.12E-06;7.66E-05;1.82E-05;1.89E-05;3.44E-06;3.68E-06;8.54E-06;1.43E-05;4.44E-06;5.12E-06;7.66E-05;0.000153187;0.002596114;0.000474065;0.002507747;0.001308108;0.003037722;0.005082492;0.001960601;0.000435719;0.008817846;0.00167485;0.009043779;0.007761289;0.017668442;0.0311839;0.014181864;0.002496251;0.000136375;2.65E-05;0;4.44E-06;0;0;0.000136553;3.08E-05;0;0;8.68E-08;8.98E-08;1.64E-08;2.94E-07;6.83E-07;6.83E-07;5.86E-07;5.12E-07;2.90E-06;2.16E-05;Base;1_1
Chemical tankers;3. 5000 - 9999 GT;Residual marine fuels, ISO F >180;326.3756481;1842.993333;247.6666667;5;36.66666667;8.333333333;10;0.000200877;0.000174679;1.00E+00;0.00E+00;0;0;8.17E-06;6.54E-05;0.001115705;5.81E-06;5.05E-06;7.95E-07;1.83E-06;4.03E-06;7.80E-06;1.55E-06;1.78E-06;2.86E-05;5.81E-06;5.05E-06;7.95E-07;1.83E-06;4.03E-06;7.80E-06;1.55E-06;1.78E-06;2.86E-05;5.73E-05;0.000695388;0.000109394;0.000799681;0.000651094;0.001432888;0.002772268;0.000683496;0.000151898;0.002928011;0.000403956;0.003010766;0.003923828;0.008882866;0.017005628;0.005131807;0.000903286;5.17E-05;1.37E-05;0;1.55E-06;0;0;5.08E-05;1.60E-05;0;0;2.77E-08;2.41E-08;3.79E-09;1.46E-07;3.22E-07;3.22E-07;2.04E-07;1.78E-07;1.21E-06;9.91E-06;Base;1_1
Chemical tankers;4. 10000 - 24999 GT;Distillate marine fuels;32.71666667;143.47;24;0;3;1;2;1.95E-05;0;1.00E+00;0.00E+00;0;0;6.36E-07;5.09E-06;0.000130727;5.63E-07;0;8.46E-08;1.50E-07;4.84E-07;1.56E-06;1.20E-07;1.39E-07;3.10E-06;5.63E-07;0;8.46E-08;1.50E-07;4.84E-07;1.56E-06;1.20E-07;1.39E-07;3.10E-06;6.20E-06;0;2.19E-05;0.000145527;0.00010004;0.000322905;0.001041231;9.99E-05;2.22E-05;0;6.55E-05;0.000435528;0.000505377;0.00163123;0.005260018;0.000629994;0.000109377;6.48E-07;5.14E-06;2.19E-06;1.20E-07;0;0;3.60E-06;4.51E-06;0;0;2.68E-09;0;4.03E-10;1.20E-08;3.87E-08;3.87E-08;1.59E-08;1.39E-08;1.20E-07;1.65E-06;Base;1_1
Chemical tankers;4. 10000 - 24999 GT;Liquefied natural gas (LNG);1339.801667;8978.29;1072;24.66666667;268.3333333;64;66;0.000865689;0.000861748;1.00E+00;0.00E+00;0;0;3.98E-05;0.00031855;0.006719383;0;0;0;0;0;0;0;0;0;2.50E-05;2.49E-05;4.35E-06;1.34E-05;3.09E-05;5.15E-05;7.53E-06;8.69E-06;0.000166332;0.000166332;0;0;0;0;0;0;0;0;0.020003029;0.004083314;0.023440679;0.053746056;0.124740596;0.212722128;0.046437713;0.008062333;0;0;0;0;0;0;0.000207091;0.000201803;0;0;1.19E-07;1.19E-07;2.07E-08;1.07E-06;2.48E-06;2.48E-06;9.95E-07;8.69E-07;8.07E-06;7.66E-05;Base;1_1
Chemical tankers;4. 10000 - 24999 GT;Residual marine fuels, ISO F 80-180;133.9250926;301.6966667;64.66666667;16.33333333;5.333333333;1.333333333;2.333333333;5.27E-05;0.000570617;1.00E+00;0.00E+00;0;0;1.34E-06;1.07E-05;0.000774749;1.52E-06;1.65E-05;3.36E-07;2.66E-07;6.45E-07;1.82E-06;2.53E-07;2.92E-07;2.16E-05;1.52E-06;1.65E-05;3.36E-07;2.66E-07;6.45E-07;1.82E-06;2.53E-07;2.92E-07;2.16E-05;4.33E-05;0.00426593;8.68E-05;0.000394134;0.00017785;0.000430541;0.00121477;0.000210119;4.67E-05;0.015129914;0.000271355;0.001254758;0.001012383;0.00212699;0.006125592;0.001420814;0.000246676;1.84E-05;2.24E-05;2.73E-06;2.53E-07;0;0;3.79E-05;5.75E-06;0;0;7.26E-09;7.86E-08;1.60E-09;2.13E-08;5.16E-08;5.16E-08;3.35E-08;2.92E-08;2.72E-07;2.88E-06;Base;1_1
Chemical tankers;4. 10000 - 24999 GT;Residual marine fuels, ISO F >180;89.99657407;368.6066667;76;4.333333333;15;2.333333333;4;6.06E-05;0.000151388;1.00E+00;0.00E+00;0;0;1.63E-06;1.31E-05;0.000473815;1.75E-06;4.38E-06;3.86E-07;7.49E-07;1.13E-06;3.12E-06;3.09E-07;3.57E-07;1.22E-05;1.75E-06;4.38E-06;3.86E-07;7.49E-07;1.13E-06;3.12E-06;3.09E-07;3.57E-07;1.22E-05;2.44E-05;0.001131777;9.99E-05;0.000452749;0.000500202;0.000753446;0.002082463;0.000256719;5.71E-05;0.004924759;0.000459944;0.002077857;0.003943915;0.00594065;0.016419468;0.002520044;0.00043752;6.52E-06;1.63E-05;5.00E-06;3.09E-07;0;0;1.75E-05;1.07E-05;0;0;8.34E-09;2.09E-08;1.84E-09;5.99E-08;9.03E-08;9.03E-08;4.09E-08;3.57E-08;3.45E-07;4.01E-06;Base;1_1
Chemical tankers;5. 25000 - 49999 GT;Residual marine fuels, ISO F 80-180;44317.0;13.69;2;0;0;0;0;1.62E-06;0;1.00E+00;0.00E+00;0;0;6.07E-08;4.86E-07;2.55E-06;4.69E-08;0;1.10E-08;0;0;0;1.15E-08;1.32E-08;8.27E-08;4.69E-08;0;1.10E-08;0;0;0;1.15E-08;1.32E-08;8.27E-08;1.65E-07;0;4.01E-06;1.71E-05;0;0;0;1.34E-05;2.98E-06;0;2.23E-05;9.50E-05;0;0;0;0.00015729;2.73E-05;0;7.12E-08;5.53E-08;0;1.15E-08;0;5.53E-08;7.12E-08;1.15E-08;0;2.23E-10;0;5.25E-11;0;0;0;1.52E-09;1.32E-09;2.90E-09;2.25E-08;Base;1_1
Chemical tankers;5. 25000 - 49999 GT;Residual marine fuels, ISO F >180;2.858333333;33.21;0;0;0;0;0;0;0;1.00E+00;0.00E+00;0;0;1.47E-07;1.18E-06;1.33E-06;0;0;0;0;0;0;2.79E-08;3.21E-08;6.00E-08;0;0;0;0;0;0;2.79E-08;3.21E-08;6.00E-08;1.20E-07;0;0;0;0;0;0;3.25E-05;7.23E-06;0;0;0;0;0;0;0.000385216;6.69E-05;0;3.21E-08;7.71E-09;0;2.79E-08;0;7.71E-09;3.21E-08;2.79E-08;0;0;0;0;0;0;0;3.68E-09;3.21E-09;6.90E-09;4.84E-08;Base;1_1
Container ships;3. 5000 - 9999 GT;Distillate marine fuels;64.18833333;915.385;162;01.mai;16.mai;10.mai;6;0.000270363;9.56E-05;1.00E+00;0.00E+00;0;0;3.69E-05;9.22E-05;0.000947867;7.82E-06;2.77E-06;2.35E-07;6.77E-07;3.98E-06;4.85E-06;6.98E-06;2.51E-06;2.98E-05;0;0;0;0;0;0;0;0;0;2.98E-05;0.000552125;4.69E-05;0.001560639;0.000348951;0.002050396;0.002499753;0.004471357;0.000310532;0;0;0;0;0;0;0;0;1.33E-05;2.93E-05;9.50E-06;6.98E-06;0;0;0;0;0;0;3.72E-08;1.32E-08;1.12E-09;5.41E-08;3.18E-07;3.18E-07;9.22E-07;2.51E-07;1.88E-06;1.01E-05;Base;1_1
Container ships;3. 5000 - 9999 GT;Residual marine fuels ISO F 10-80;846.9700926;11129.32;1301.333333;11;186.3333333;55.66666667;37.66666667;0.002473474;0.000701429;1.00E+00;0.00E+00;0;0;0.00044835;0.001120876;0.007605919;7.15E-05;2.03E-05;2.70E-06;7.64E-06;2.11E-05;3.04E-05;8.48E-05;3.06E-05;0.000269082;0;0;0;0;0;0;0;0;0;0.000269082;0.004048919;0.000537909;0.014277844;0.003940676;0.010870353;0.015692891;0.054363097;0.003775473;0;0;0;0;0;0;0;0;0.000125101;0.000210731;5.92E-05;8.48E-05;0;0;0;0;0;0;3.41E-07;9.66E-08;1.28E-08;6.11E-07;1.69E-06;1.69E-06;1.12E-05;3.06E-06;1.83E-05;9.80E-05;Base;1_1
Container ships;3. 5000 - 9999 GT;Residual marine fuels, ISO F >180;316.1216667;3425.803333;402.6666667;3.333333333;77.33333333;24.33333333;10.66666667;0.000703775;0.000212554;1.00E+00;0.00E+00;0;0;0.00013801;0.000345026;0.002421545;2.04E-05;6.15E-06;1.13E-06;3.17E-06;9.22E-06;8.62E-06;2.61E-05;9.41E-06;8.42E-05;0;0;0;0;0;0;0;0;0;8.42E-05;0.001226945;0.000225793;0.004062463;0.001635486;0.004751711;0.004444005;0.016733932;0.001162158;0;0;0;0;0;0;0;0;3.70E-05;6.91E-05;2.10E-05;2.61E-05;0;0;0;0;0;0;9.69E-08;2.93E-08;5.39E-09;2.54E-07;7.37E-07;7.37E-07;3.45E-06;9.41E-07;6.15E-06;3.13E-05;Base;1_1
Container ships;7. >= 100000 GT;Residual marine fuels, ISO F >180;0;0;0;0;0;0;0;0;0;1.00E+00;0.00E+00;0;0;0;0;1.68E-08;0;0;4.87E-10;0;0;0;0;0;4.87E-10;0;0;0;0;0;0;0;0;0;4.87E-10;0;1.22E-06;0;0;0;0;0;0;0;0;0;0;0;0;0;0;0;0;0;4.87E-10;4.39E-10;0;0;0;0;0;0;0;2.32E-12;0;0;0;0;0;0;2.35E-11;Base;1_1
Crude oil tankers;4. 10000 - 24999 GT;Residual marine fuels, ISO F 80-180;87.22388889;45.85;23;4;0;0;0;1.70E-05;0.000139743;1.00E+00;0.00E+00;0;0;2.03E-07;1.63E-06;0.000174225;4.93E-07;4.04E-06;4.52E-07;0;0;0;3.85E-08;4.44E-08;5.07E-06;4.93E-07;4.04E-06;4.52E-07;0;0;0;3.85E-08;4.44E-08;5.07E-06;1.01E-05;0.001196067;0.00013369;0.000145783;0;0;0;3.66E-05;8.12E-06;0.006847362;0.000765363;0.000834593;0;0;0;0.000440926;7.66E-05;0;5.03E-06;4.50E-06;3.85E-08;0;0;4.50E-06;5.03E-06;3.85E-08;0;2.35E-09;1.92E-08;2.15E-09;0;0;0;5.08E-09;4.44E-09;3.27E-08;2.61E-07;Base;1_1
Crude oil tankers;6. 50000 - 99999 GT;Distillate marine fuels;5.038055556;50.89;4;0;0;0;1;2.84E-06;0;1.00E+00;0.00E+00;0;0;2.26E-07;1.81E-06;4.17E-05;8.21E-08;0;1.05E-08;0;0;7.80E-07;4.27E-08;4.92E-08;9.64E-07;8.21E-08;0;1.05E-08;0;0;7.80E-07;4.27E-08;4.92E-08;9.64E-07;1.93E-06;0;7.91E-06;6.17E-05;0;0;0.001514555;0.000103109;2.29E-05;0;5.44E-05;0.000432325;0;0;0.017901723;0.001450235;0.000251784;0;0;1.42E-07;2.43E-06;4.27E-08;0;0;1.80E-06;8.22E-07;0;3.91E-10;0;5.01E-11;0;0;0;5.64E-09;4.92E-09;1.07E-08;7.35E-07;Base;1_1
Crude oil tankers;6. 50000 - 99999 GT;Residual marine fuels, ISO F >180;25.60444444;50.7;10.33333333;3.666666667;0.333333333;0.666666667;0.333333333;7.30E-06;0.000128098;1.00E+00;0.00E+00;0;0;2.25E-07;1.80E-06;0.000173366;2.11E-07;3.71E-06;2.29E-07;1.66E-08;3.22E-07;2.60E-07;4.25E-08;4.91E-08;4.84E-06;2.11E-07;3.71E-06;2.29E-07;1.66E-08;3.22E-07;2.60E-07;4.25E-08;4.91E-08;4.84E-06;9.67E-06;0.002785982;0.000172212;0.00015876;3.23E-05;0.000626256;0.000504852;0.000102724;2.28E-05;0.018165689;0.00112298;0.001035178;0.000355911;0.006892738;0.005556531;0.001467599;0.000254799;0;0;4.19E-06;5.54E-06;4.25E-08;0;0;9.13E-06;6.41E-07;0;1.01E-09;1.76E-08;1.09E-09;1.33E-09;2.58E-08;2.58E-08;5.62E-09;4.91E-09;8.25E-08;7.80E-07;Base;1_1
Cruise ships;1. < 1000 GT;Distillate marine fuels;158.9756481;826.5666667;121.6666667;2;9;1.666666667;0;0.000284002;2.23E-05;1.00E+00;0.00E+00;0;0;4.89E-06;2.26E-05;0.000409919;6.22E-06;4.89E-07;8.09E-08;2.78E-07;3.06E-07;0;1.63E-06;3.23E-07;9.32E-06;0;0;0;0;0;0;0;0;0;9.32E-06;5.05E-06;8.35E-07;6.42E-05;7.41E-06;8.16E-06;0;5.40E-05;2.06E-06;0;0;0;0;0;0;0;0;2.21E-06;0;0;0;0;0;0;0;0;0;8.29E-08;6.52E-09;1.08E-09;2.78E-08;3.06E-08;3.06E-08;1.63E-07;3.23E-08;2.91E-07;2.81E-05;Base;1_1
Cruise ships;2. 1000 - 4999 GT;Distillate marine fuels;134.6394444;799.6566667;115.6666667;14.66666667;9.666666667;5;3.333333333;0.000254228;0.000163879;1.00E+00;0.00E+00;0;0;4.73E-06;2.19E-05;0.000713311;5.57E-06;3.59E-06;9.02E-08;2.98E-07;9.18E-07;9.17E-07;1.58E-06;3.13E-07;1.33E-05;0;0;0;0;0;0;0;0;0;1.33E-05;0.000167777;4.22E-06;0.000260274;3.60E-05;0.000110893;0.000110737;0.000236592;9.04E-06;0;0;0;0;0;0;0;0;2.44E-05;1.58E-06;0;0;0;0;0;0;0;0;7.42E-08;4.78E-08;1.20E-09;2.98E-08;9.18E-08;9.18E-08;1.58E-07;3.13E-08;4.50E-07;7.67E-05;Base;1_1
Cruise ships;3. 5000 - 9999 GT;Distillate marine fuels;4.961111111;75.68;7;0;01.mai;0;0;1.49E-05;0;1.00E+00;0.00E+00;0;0;4.47E-07;2.07E-06;2.32E-05;3.26E-07;0;7.81E-10;4.63E-08;0;0;1.49E-07;2.96E-08;5.52E-07;0;0;0;0;0;0;0;0;0;5.52E-07;0;8.05E-08;3.36E-05;1.23E-05;0;0;4.93E-05;1.89E-06;0;0;0;0;0;0;0;0;7.50E-07;4.63E-08;1.49E-07;0;0;0;0;0;0;0;4.35E-09;0;1.04E-11;4.63E-09;0;0;1.49E-08;2.96E-09;2.25E-08;9.46E-06;Base;1_1
Cruise ships;3. 5000 - 9999 GT;Residual marine fuels ISO F 10-80;912.3906481;6716.56;1422.333333;563;154;49.33333333;49.33333333;0.003048442;0.006290724;1.00E+00;0.00E+00;0;0;3.97E-05;0.000183748;0.012980245;6.68E-05;0.000137753;5.05E-07;4.75E-06;9.06E-06;1.36E-05;1.32E-05;2.62E-06;0.000248247;0;0;0;0;0;0;0;0;0;0.000248247;0.014191061;5.20E-05;0.006876891;0.001264792;0.002410913;0.003611262;0.004378749;0.00016736;0;0;0;0;0;0;0;0;0.000447529;2.74E-05;1.32E-05;0;0;0;0;0;0;0;8.90E-07;1.84E-06;6.73E-09;4.75E-07;9.06E-07;9.06E-07;1.32E-06;2.62E-07;5.71E-06;0.001424236;Base;1_1
Cruise ships;3. 5000 - 9999 GT;Residual marine fuels, ISO F >180;0;0;0;0;0;0;0;0;0;1.00E+00;0.00E+00;;;;;2.36E-22;0;0;5.17E-24;;;;;;5.17E-24;0;;0;;;;;;0;5.17E-24;0;5.33E-22;0;0;0;0;0;0;0;0;0;0;0;0;0;0;9.83E-24;0;0;0;0;0;0;0;0;0;0;;6.90E-26;;;;;;;1.44E-23;Base;1_1
Cruise ships;4. 10000 - 24999 GT;Distillate marine fuels;22.4462963;212.5233333;21.33333333;0.333333333;5.666666667;2;2;4.96E-05;3.72E-06;1.00E+00;0.00E+00;4.55E-05;6.82E-05;1.26E-06;5.81E-06;0.000195989;1.09E-06;8.16E-08;3.45E-09;1.75E-07;3.67E-07;5.50E-07;4.19E-07;8.31E-08;2.77E-06;0;0;0;0;0;0;0;0;0;2.77E-06;1.88E-05;7.93E-07;0.000249843;0.000103869;0.000218138;0.000326745;0.000309222;1.18E-05;0;0;0;0;0;0;0;0;1.17E-06;3.34E-06;1.09E-06;4.19E-07;0;0;0;0;0;0;1.45E-08;1.09E-09;4.60E-11;1.75E-08;3.67E-08;3.67E-08;4.19E-08;8.31E-09;1.42E-07;4.68E-05;Base;1_1
Cruise ships;4. 10000 - 24999 GT;Residual marine fuels, ISO F 80-180;115.0569444;992.81;109.3333333;35.33333333;21.33333333;8;7;0.000242776;0.0003948;1.00E+00;0.00E+00;0.000182126;0.000238702;5.87E-06;2.72E-05;0.001175074;5.32E-06;8.65E-06;4.42E-08;6.58E-07;1.47E-06;1.93E-06;1.96E-06;3.88E-07;2.04E-05;0;0;0;0;0;0;0;0;0;2.04E-05;0.001987704;1.02E-05;0.001222308;0.000391037;0.000872553;0.001143608;0.001444541;5.52E-05;0;0;0;0;0;0;0;0;1.40E-05;2.12E-05;4.05E-06;1.96E-06;0;0;0;0;0;0;7.09E-08;1.15E-07;5.90E-10;6.58E-08;1.47E-07;1.47E-07;1.96E-07;3.88E-08;7.09E-07;0.000247815;Base;1_1
Cruise ships;4. 10000 - 24999 GT;Residual marine fuels, ISO F >180;64.05083333;457.48;62;38;9.666666667;2;3.333333333;0.00013513;0.000308029;1.00E+00;0.00E+00;4.55E-05;0.000113668;2.70E-06;1.25E-05;0.00065554;2.96E-06;6.75E-06;2.14E-08;2.98E-07;3.67E-07;9.17E-07;9.01E-07;1.79E-07;1.24E-05;0;0;0;0;0;0;0;0;0;1.24E-05;0.001550838;4.92E-06;0.000680341;0.000177189;0.000218138;0.000544575;0.000665634;2.54E-05;0;0;0;0;0;0;0;0;9.73E-06;1.21E-05;1.58E-06;9.01E-07;0;0;0;0;0;0;3.95E-08;8.99E-08;2.85E-10;2.98E-08;3.67E-08;3.67E-08;9.01E-08;1.79E-08;3.01E-07;0.000126089;Base;1_1
Cruise ships;5. 25000 - 49999 GT;Distillate marine fuels;45.19462963;276.7233333;23;2;11.66666667;3.666666667;4;5.04E-05;2.23E-05;1.00E+00;0.00E+00;8.35E-05;0.000136401;1.64E-06;7.57E-06;0.000346946;1.10E-06;4.89E-07;1.08E-08;3.60E-07;6.73E-07;1.10E-06;5.45E-07;1.08E-07;4.39E-06;0;0;0;0;0;0;0;0;0;4.39E-06;0.000169262;3.74E-06;0.000381646;0.000321714;0.00060164;0.000983112;0.000605722;2.32E-05;0;0;0;0;0;0;0;0;0;1.71E-06;5.74E-06;2.13E-06;5.45E-07;0;0;0;0;0;1.47E-08;6.52E-09;1.44E-10;3.60E-08;6.73E-08;6.73E-08;5.45E-08;1.08E-08;2.43E-07;8.21E-05;Base;1_1
Cruise ships;5. 25000 - 49999 GT;Residual marine fuels, ISO F 80-180;190.0919444;1326.743333;109.3333333;59;45;15.66666667;9.666666667;0.000229034;0.000659241;1.00E+00;0.00E+00;0.000356663;0.000329636;7.84E-06;3.63E-05;0.001794;5.02E-06;1.44E-05;6.83E-08;1.39E-06;2.88E-06;2.66E-06;2.61E-06;5.19E-07;2.96E-05;0;0;0;0;0;0;0;0;0;2.96E-05;0.004993244;2.36E-05;0.001734756;0.001240895;0.002570644;0.002375853;0.002904118;0.000110998;0;0;0;0;0;0;0;0;0;2.00E-05;3.15E-05;6.92E-06;2.61E-06;0;0;0;0;0;6.69E-08;1.92E-07;9.11E-10;1.39E-07;2.88E-07;2.88E-07;2.61E-07;5.19E-08;1.22E-06;0.000429749;Base;1_1
Cruise ships;5. 25000 - 49999 GT;Residual marine fuels, ISO F >180;500.3565741;3414.93;311.6666667;140;110;32.66666667;37.33333333;0.000685575;0.001158648;1.00E+00;0.00E+00;0.00074368;0.001273079;2.02E-05;9.34E-05;0.004403435;1.50E-05;2.54E-05;1.75E-07;3.39E-06;6.00E-06;1.03E-05;6.73E-06;1.33E-06;6.83E-05;0;0;0;0;0;0;0;0;0;6.83E-05;0.008775869;6.05E-05;0.005192702;0.003033299;0.005360066;0.009175708;0.007474966;0.0002857;0;0;0;0;0;0;0;0;0;4.19E-05;7.61E-05;1.97E-05;6.73E-06;0;0;0;0;0;2.00E-07;3.38E-07;2.33E-09;3.39E-07;6.00E-07;6.00E-07;6.73E-07;1.33E-07;2.68E-06;0.001069782;Base;1_1
Cruise ships;6. 50000 - 99999 GT;Distillate marine fuels;270.0365741;2160.35;167.6666667;14.33333333;100.3333333;26.66666667;32.33333333;0.000375616;0.000132179;1.00E+00;0.00E+00;0.000607085;0.001102577;1.28E-05;5.91E-05;0.002677299;8.23E-06;2.89E-06;8.98E-08;3.10E-06;4.90E-06;8.89E-06;4.26E-06;8.44E-07;3.32E-05;0;0;0;0;0;0;0;0;0;3.32E-05;0.001538925;4.77E-05;0.004373209;0.004252906;0.006725926;0.012215501;0.007268914;0.000277824;0;0;0;0;0;0;0;0;0;1.12E-05;4.49E-05;1.69E-05;4.26E-06;0;0;0;0;0;1.10E-07;3.86E-08;1.20E-09;3.10E-07;4.90E-07;4.90E-07;4.26E-07;8.44E-08;1.84E-06;0.00115893;Base;1_1
Cruise ships;6. 50000 - 99999 GT;Residual marine fuels, ISO F >180;341.327963;2622.26;208.6666667;80.66666667;105.3333333;37.66666667;50.66666667;0.000457304;0.000668202;1.00E+00;0.00E+00;0.000857508;0.00172775;1.55E-05;7.17E-05;0.004207561;1.00E-05;1.46E-05;1.44E-07;3.25E-06;6.92E-06;1.39E-05;5.17E-06;1.02E-06;5.51E-05;0;0;0;0;0;0;0;0;0;5.51E-05;0.007779721;7.64E-05;0.005324293;0.004464845;0.00950037;0.019141816;0.008823099;0.000337227;0;0;0;0;0;0;0;0;0;2.48E-05;7.18E-05;2.41E-05;5.17E-06;0;0;0;0;0;1.34E-07;1.95E-07;1.91E-09;3.25E-07;6.92E-07;6.92E-07;5.17E-07;1.02E-07;2.52E-06;0.001563652;Base;1_1
Cruise ships;7. >= 100000 GT;Residual marine fuels, ISO F >180;144.397037;1276.963333;109.3333333;21.33333333;53;19;35.66666667;0.000242776;0.00018708;1.00E+00;0.00E+00;0.000432548;0.001216245;7.55E-06;3.49E-05;0.002326268;5.32E-06;4.10E-06;5.17E-08;1.64E-06;3.49E-06;9.81E-06;2.52E-06;4.99E-07;2.74E-05;0;0;0;0;0;0;0;0;0;2.74E-05;0.003356332;4.23E-05;0.004355547;0.003461759;0.007384437;0.020763653;0.006620706;0.000253049;0;0;0;0;0;0;0;0;0;0;9.96E-06;3.85E-05;1.74E-05;0;0;0;0;0;7.09E-08;5.46E-08;6.89E-10;1.64E-07;3.49E-07;3.49E-07;2.52E-07;4.99E-08;1.22E-06;0.001154378;Base;1_1
Fishing vessels;1. < 1000 GT;Distillate marine fuels;41496.83333;68297.43667;14253.66667;343.3333333;607.6666667;190.6666667;55;0.014455247;0.033622713;1.00E+00;0.00E+00;0.006893439;0.004763881;0.001869237;0.011895142;0.108940401;0.000870122;0.002023891;0.001988746;8.58E-05;0.000246194;0.000170139;0.000169931;0.000169931;0.005724735;0;0;0;0;0;0;0;0;0;0.005724735;0.038914065;0.038238311;0.016730131;0.004261709;0.012231098;0.008452602;0.010493215;0.002022104;0;0;0;0;0;0;0;0;0.006111542;0;0;0;0;0;0;0;0;0;2.81E-06;6.53E-06;6.42E-06;2.86E-06;8.21E-06;8.21E-06;8.50E-05;1.70E-05;0.000127759;0.000239257;Base;1_1
Fishing vessels;2. 1000 - 4999 GT;Distillate marine fuels;15022.05324;32797.38;4660.666667;125.3333333;298.6666667;70;19;0.004689456;0.012226662;1.00E+00;0.00E+00;0.002530808;0.001645704;0.000897633;0.005712213;0.042500173;0.000282278;0.000735974;0.000819674;4.22E-05;9.04E-05;5.88E-05;8.16E-05;8.16E-05;0.002192455;0;0;0;0;0;0;0;0;0;0.002192455;0.08550077;0.095224568;0.032793257;0.012655913;0.027131699;0.017642885;0.030446094;0.005867141;0;0;0;0;0;0;0;0;0.003975893;0.000191323;8.16E-05;0;0;0;0;0;0;0;9.11E-07;2.37E-06;2.64E-06;1.41E-06;3.01E-06;3.01E-06;4.08E-05;8.16E-06;5.88E-05;0.00033201;Base;1_1
Fishing vessels;2. 1000 - 4999 GT;Residual marine fuels, ISO F 80-180;6.532777778;73.22;2;0;0;0;0;2.01E-06;0;1.00E+00;0.00E+00;0;0;2.00E-06;1.28E-05;1.69E-05;1.21E-07;0;6.27E-09;0;0;0;1.82E-07;1.82E-07;4.92E-07;0;0;0;0;0;0;0;0;0;4.92E-07;0;7.28E-07;1.41E-05;0;0;0;6.80E-05;1.31E-05;0;0;0;0;0;0;0;0;4.68E-07;0;1.82E-07;0;0;0;0;0;0;0;3.90E-10;0;2.02E-11;0;0;0;9.11E-08;1.82E-08;1.09E-07;6.34E-07;Base;1_1
Fishing vessels;3. 5000 - 9999 GT;Distillate marine fuels;861.2333333;154.86;23;15;0.5;0;0.5;2.31E-05;0.001507507;1.00E+00;0.00E+00;0;4.33E-05;4.24E-06;2.70E-05;0.001815602;1.39E-06;9.07E-05;1.25E-05;7.06E-08;0;1.55E-06;3.85E-07;3.85E-07;0.000107072;0;0;0;0;0;0;0;0;0;0.000107072;0.026354909;0.003644883;0.00040406;5.30E-05;0;0.001160716;0.000359395;6.93E-05;0;0;0;0;0;0;0;0;0;0.000106687;9.75E-05;3.85E-07;0;0;0;0;0;0;4.49E-09;2.93E-07;4.05E-08;2.35E-09;0;0;1.93E-07;3.85E-08;5.26E-07;6.79E-06;Base;1_1
Fishing vessels;3. 5000 - 9999 GT;Residual marine fuels, ISO F >180;1.841388889;19.79;3;0;0;0;0;3.01E-06;0;1.00E+00;0.00E+00;0;0;5.42E-07;3.45E-06;7.93E-06;1.81E-07;0;5.60E-08;0;0;0;4.92E-08;4.92E-08;3.36E-07;0;0;0;0;0;0;0;0;0;3.36E-07;0;1.63E-05;5.27E-05;0;0;0;4.59E-05;8.85E-06;0;0;0;0;0;0;0;0;0;2.87E-07;2.25E-07;4.92E-08;0;0;0;0;0;0;5.85E-10;0;1.81E-10;0;0;0;2.46E-08;4.92E-09;2.95E-08;5.73E-07;Base;1_1
Gas tankers;2. 1000 - 4999 GT;Distillate marine fuels;133.2665741;633.4233333;69.33333333;0;6.666666667;1;3;5.57E-05;0;1.00E+00;0.00E+00;2.26E-05;0.000109453;2.81E-06;2.25E-05;0.000242795;1.61E-06;0;4.09E-07;3.33E-07;4.84E-07;2.34E-06;5.31E-07;6.13E-07;6.32E-06;0;0;0;0;0;0;0;0;0;6.32E-06;0;3.80E-05;0.000149332;7.97E-05;0.000115811;0.000560161;0.000158221;3.52E-05;0;0;0;0;0;0;0;0;1.09E-05;3.16E-06;5.31E-07;0;0;0;0;0;0;0;7.67E-09;0;1.95E-09;2.66E-08;3.87E-08;3.87E-08;7.02E-08;6.13E-08;2.36E-07;2.02E-06;Base;1_1
Gas tankers;2. 1000 - 4999 GT;Residual marine fuels ISO F 10-80;1337.241944;11991.97;3819;4;142.6666667;33.66666667;16;0.003146706;0.000101723;1.00E+00;0.00E+00;0.000761845;0.000583752;5.32E-05;0.000425475;0.005691304;9.10E-05;2.94E-06;8.25E-06;7.12E-06;1.63E-05;1.25E-05;1.01E-05;1.16E-05;0.000159755;0;0;0;0;0;0;0;0;0;0.000159755;0.000272748;0.000764752;0.008437233;0.001706285;0.003898971;0.002987527;0.002995431;0.000665697;0;0;0;0;0;0;0;0;0.000280345;3.59E-05;1.01E-05;0;0;0;0;0;0;0;4.33E-07;1.40E-08;3.93E-08;5.70E-07;1.30E-06;1.30E-06;1.33E-06;1.16E-06;5.68E-06;2.92E-05;Base;1_1
Gas tankers;2. 1000 - 4999 GT;Residual marine fuels, ISO F 80-180;31.42555556;205.9;22;0;0;0;0;1.78E-05;0;1.00E+00;0.00E+00;0;0;9.13E-07;7.31E-06;3.28E-05;5.16E-07;0;1.95E-07;0;0;0;1.73E-07;1.99E-07;1.08E-06;0;0;0;0;0;0;0;0;0;1.08E-06;0;1.80E-05;4.78E-05;0;0;0;5.14E-05;1.14E-05;0;0;0;0;0;0;0;0;1.60E-06;0;1.73E-07;0;0;0;0;0;0;0;2.46E-09;0;9.27E-10;0;0;0;2.28E-08;1.99E-08;4.28E-08;1.96E-07;Base;1_1
Gas tankers;2. 1000 - 4999 GT;Residual marine fuels, ISO F >180;77.08472222;416.185;37;0.5;04.mai;1;2;2.96E-05;1.75E-05;1.00E+00;0.00E+00;2.26E-05;7.30E-05;1.85E-06;1.48E-05;0.000180848;8.56E-07;5.05E-07;3.20E-07;2.25E-07;4.84E-07;1.56E-06;3.49E-07;4.03E-07;4.70E-06;0;0;0;0;0;0;0;0;0;4.70E-06;4.68E-05;2.96E-05;7.94E-05;5.38E-05;0.000115811;0.000373441;0.000103957;2.31E-05;0;0;0;0;0;0;0;0;8.23E-06;2.27E-06;3.49E-07;0;0;0;0;0;0;0;4.08E-09;2.41E-09;1.52E-09;1.80E-08;3.87E-08;3.87E-08;4.61E-08;4.03E-08;1.84E-07;1.43E-06;Base;1_1
Gas tankers;3. 5000 - 9999 GT;Residual marine fuels, ISO F >180;101.5601852;448.92;49.33333333;0;6.666666667;2;1;3.95E-05;0;1.00E+00;0.00E+00;4.53E-05;3.65E-05;1.99E-06;1.59E-05;0.000160643;1.14E-06;0;1.72E-07;3.33E-07;9.67E-07;7.80E-07;3.77E-07;4.34E-07;4.20E-06;0;0;0;0;0;0;0;0;0;4.20E-06;0;3.01E-05;0.000200582;0.00015111;0.000438969;0.000353872;0.000212516;4.72E-05;0;0;0;0;0;0;0;0;1.75E-06;5.45E-06;2.08E-06;3.77E-07;0;0;0;0;0;0;5.44E-09;0;8.17E-10;2.66E-08;7.74E-08;7.74E-08;4.98E-08;4.34E-08;2.75E-07;1.67E-06;Base;1_1
Gas tankers;7. >= 100000 GT;Residual marine fuels, ISO F >180;10.42388889;104.39;17;0;1;1;2;1.38E-05;0;1.00E+00;0.00E+00;2.26E-05;7.30E-05;4.63E-07;3.70E-06;0.000118057;3.99E-07;0;6.27E-08;4.99E-08;4.84E-07;1.56E-06;8.76E-08;1.01E-07;2.74E-06;0;0;0;0;0;0;0;0;0;2.74E-06;0;5.80E-05;0.000369059;0.00011939;0.001156087;0.003727886;0.000260297;5.78E-05;0;0;0;0;0;0;0;0;0;0;4.62E-07;4.73E-06;2.18E-06;0;0;0;0;0;1.90E-09;0;2.98E-10;3.99E-09;3.87E-08;3.87E-08;1.16E-08;1.01E-08;1.03E-07;2.41E-06;Base;1_1
General cargo ships;1. < 1000 GT;Distillate marine fuels;28491.04963;64637.09333;20829.66667;1326;673.6666667;202.3333333;164;0.034527695;0.078697519;1.00E+00;0.00E+00;0.003586087;0.00620147;0.002603939;0.006509847;0.148757611;0.000998735;0.002276375;0.00044366;2.76E-05;7.66E-05;0.00013251;0.000492637;0.000177541;0.004625714;0;0;0;0;0;0;0;0;0;0.004625714;0.029025521;0.005657005;0.012734637;0.000910309;0.002524524;0.004365694;0.020173489;0.001401033;0;0;0;0;0;0;0;0;0.000729403;0;0;0;0;0;0;0;0;0;4.76E-06;1.08E-05;2.11E-06;2.21E-06;6.13E-06;6.13E-06;6.51E-05;1.78E-05;0.000108163;0.000300476;Base;1_1
General cargo ships;2. 1000 - 4999 GT;Distillate marine fuels;65.76013889;480.705;52.5;0;4;01.mai;4;9.15E-05;0;1.00E+00;0.00E+00;2.66E-05;0.000151255;1.94E-05;4.84E-05;0.000354416;2.65E-06;0;2.78E-07;1.64E-07;5.68E-07;3.23E-06;3.66E-06;1.32E-06;1.19E-05;0;0;0;0;0;0;0;0;0;1.19E-05;0;1.19E-05;0.000113572;1.82E-05;6.30E-05;0.000358315;0.000504863;3.51E-05;0;0;0;0;0;0;0;0;1.91E-05;3.66E-06;0;0;0;0;0;0;0;0;1.26E-08;0;1.32E-09;1.31E-08;4.54E-08;4.54E-08;4.84E-07;1.32E-07;7.20E-07;3.19E-06;Base;1_1
General cargo ships;2. 1000 - 4999 GT;Liquefied natural gas (LNG);10736.32556;32183.27;9540;537;246.3333333;62;38;0.016128046;0.033317768;1.00E+00;0.00E+00;0.001098867;0.001436926;0.00129652;0.003241299;0.062320083;0;0;0;0;0;0;0;0;0;0;0;0;0;0;0;0;0;0;0;0;0;0;0;0;0;0;0;0;0;0;0;0;0;0;0;0;0;0;0;0;0;0;0;0;0;2.22E-06;4.59E-06;7.34E-07;8.08E-07;1.88E-06;1.88E-06;3.24E-05;8.84E-06;5.04E-05;0.000180296;Base;1_1
General cargo ships;2. 1000 - 4999 GT;Residual marine fuels ISO F 10-80;73323.1438;308961.74;51983;3622;2934;834.6666667;708.6666667;0.087878747;0.206642938;1.00E+00;0.00E+00;0.014793349;0.026797408;0.012446684;0.031116711;0.404461309;0.002541947;0.005977275;0.000554033;0.000120337;0.000316097;0.000572594;0.002354778;0.000848638;0.013285699;0;0;0;0;0;0;0;0;0;0.013285699;0.256468995;0.023772066;0.109068202;0.013341333;0.035044548;0.063481435;0.324488425;0.022535461;0;0;0;0;0;0;0;0;0.02131858;0.002354778;0;0;0;0;0;0;0;0;1.21E-05;2.85E-05;2.64E-06;9.63E-06;2.53E-05;2.53E-05;0.000311167;8.49E-05;0.000484697;0.001740964;Base;1_1
General cargo ships;2. 1000 - 4999 GT;Residual marine fuels, ISO F 80-180;1923.865648;11093.25;926.6666667;42.33333333;94.66666667;25;24.66666667;0.001833476;0.002569654;1.00E+00;0.00E+00;0.000443092;0.000932741;0.000446897;0.001117243;0.007805414;5.30E-05;7.43E-05;8.12E-06;3.88E-06;9.47E-06;1.99E-05;8.45E-05;3.05E-05;0.000283779;0;0;0;0;0;0;0;0;0;0.000283779;0.003189252;0.000348258;0.002275567;0.000430463;0.001049657;0.002209608;0.011650735;0.000809134;0;0;0;0;0;0;0;0;0.000395037;8.45E-05;0;0;0;0;0;0;0;0;2.53E-07;3.54E-07;3.87E-08;3.11E-07;7.57E-07;7.57E-07;1.12E-05;3.05E-06;1.64E-05;5.86E-05;Base;1_1
General cargo ships;2. 1000 - 4999 GT;Residual marine fuels, ISO F >180;3248.515648;16956.79667;1908;44.66666667;155.6666667;49.66666667;44.66666667;0.003153956;0.002426425;1.00E+00;0.00E+00;0.000880275;0.001689018;0.000683113;0.001707783;0.011281109;9.12E-05;7.02E-05;1.28E-05;6.38E-06;1.88E-05;3.61E-05;0.000129238;4.66E-05;0.000411291;0;0;0;0;0;0;0;0;0;0.000411291;0.003011488;0.00054825;0.003914443;0.000707839;0.002085319;0.004001182;0.01780895;0.001236817;0;0;0;0;0;0;0;0;0.000572574;0.000129238;0;0;0;0;0;0;0;0;4.34E-07;3.34E-07;6.08E-08;5.11E-07;1.50E-06;1.50E-06;1.71E-05;4.66E-06;2.56E-05;9.20E-05;Base;1_1
General cargo ships;3. 5000 - 9999 GT;Distillate marine fuels;43.16777778;507.04;80.33333333;0;5;1;1.333333333;0.000133102;0;1.00E+00;0.00E+00;1.77E-05;5.04E-05;2.04E-05;5.11E-05;0.000288139;3.85E-06;0;1.68E-07;2.05E-07;3.79E-07;1.08E-06;3.86E-06;1.39E-06;1.09E-05;0;0;0;0;0;0;0;0;0;1.09E-05;0;1.98E-05;0.000453508;6.24E-05;0.000115264;0.000327892;0.001461921;0.000101529;0;0;0;0;0;0;0;0;1.27E-05;1.66E-06;3.86E-06;0;0;0;0;0;0;0;1.83E-08;0;8.00E-10;1.64E-08;3.03E-08;3.03E-08;5.11E-07;1.39E-07;7.27E-07;4.36E-06;Base;1_1
General cargo ships;3. 5000 - 9999 GT;Residual marine fuels ISO F 10-80;1682.437685;13824.84;1158.666667;6.333333333;164.3333333;46.33333333;53;0.001897254;0.00038763;1.00E+00;0.00E+00;0.000821196;0.002004133;0.000556941;0.001392352;0.007532142;5.49E-05;1.12E-05;4.55E-06;6.74E-06;1.75E-05;4.28E-05;0.000105367;3.80E-05;0.00028109;0;0;0;0;0;0;0;0;0;0.00028109;0.001320744;0.000535615;0.006464381;0.002051407;0.005340576;0.0130337;0.039860408;0.002768273;0;0;0;0;0;0;0;0;0.000315521;6.71E-05;0.000105367;0;0;0;0;0;0;0;2.61E-07;5.34E-08;2.17E-08;5.39E-07;1.40E-06;1.40E-06;1.39E-05;3.80E-06;2.11E-05;0.000127734;Base;1_1
General cargo ships;3. 5000 - 9999 GT;Residual marine fuels, ISO F 80-180;669.0725;6472.686667;524.6666667;23.66666667;88.33333333;17.66666667;31;0.000884017;0.001509135;1.00E+00;0.00E+00;0.000313118;0.001172229;0.000260756;0.000651889;0.005034409;2.56E-05;4.37E-05;2.13E-06;3.62E-06;6.69E-06;2.50E-05;4.93E-05;1.78E-05;0.000173828;0;0;0;0;0;0;0;0;0;0.000173828;0.00514197;0.00025115;0.00301205;0.001102683;0.002036335;0.007623485;0.018662345;0.001296085;0;0;0;0;0;0;0;0;0.000228344;3.54E-05;4.93E-05;0;0;0;0;0;0;0;1.22E-07;2.08E-07;1.02E-08;2.90E-07;5.35E-07;5.35E-07;6.52E-06;1.78E-06;9.86E-06;6.26E-05;Base;1_1
General cargo ships;3. 5000 - 9999 GT;Residual marine fuels, ISO F >180;1749.248796;11566.40333;1251;33.33333333;133.6666667;47.33333333;32.66666667;0.002053094;0.001801079;1.00E+00;0.00E+00;0.00083892;0.001235252;0.000465959;0.001164896;0.008008128;5.94E-05;5.21E-05;5.56E-06;5.48E-06;1.79E-05;2.64E-05;8.82E-05;3.18E-05;0.000286775;0;0;0;0;0;0;0;0;0;0.000286775;0.006136692;0.000655401;0.006995363;0.001668589;0.00545584;0.00803335;0.033348781;0.002316046;0;0;0;0;0;0;0;0;0.000361391;4.98E-05;8.82E-05;0;0;0;0;0;0;0;2.83E-07;2.48E-07;2.65E-08;4.39E-07;1.43E-06;1.43E-06;1.16E-05;3.18E-06;1.84E-05;0.000105519;Base;1_1
General cargo ships;4. 10000 - 24999 GT;Residual marine fuels ISO F 10-80;427.1737963;1190.656667;101.6666667;0.666666667;22.66666667;4.333333333;4.666666667;0.000166932;4.25E-05;1.00E+00;0.00E+00;7.68E-05;0.000176465;4.80E-05;0.000119916;0.000712459;4.83E-06;1.23E-06;1.11E-06;9.30E-07;1.64E-06;3.77E-06;9.07E-06;3.27E-06;2.59E-05;0;0;0;0;0;0;0;0;0;2.59E-05;0.000373808;0.000337301;0.001467869;0.000730232;0.001289032;0.002961731;0.008859621;0.000615294;0;0;0;0;0;0;0;0;0;1.68E-05;1.99E-05;9.07E-06;0;0;0;0;0;0;2.30E-08;5.86E-09;5.28E-09;7.44E-08;1.31E-07;1.31E-07;1.20E-06;3.27E-07;1.87E-06;1.56E-05;Base;1_1
General cargo ships;4. 10000 - 24999 GT;Residual marine fuels, ISO F 80-180;132.0805556;335.54;31;0;10;2;0;4.99E-05;0;1.00E+00;0.00E+00;3.54E-05;0;1.35E-05;3.38E-05;0.000158339;1.44E-06;0;1.87E-07;4.10E-07;7.57E-07;0;2.56E-06;9.22E-07;6.28E-06;0;0;0;0;0;0;0;0;0;6.28E-06;0;5.69E-05;0.000438898;0.000322161;0.000594938;0;0.002496737;0.000173396;0;0;0;0;0;0;0;0;0;3.72E-06;4.02E-06;2.56E-06;0;0;0;0;0;0;6.88E-09;0;8.92E-10;3.28E-08;6.06E-08;6.06E-08;3.38E-07;9.22E-08;5.84E-07;4.00E-06;Base;1_1
General cargo ships;4. 10000 - 24999 GT;Residual marine fuels, ISO F >180;276.5018519;774.91;71;0;15.66666667;6.666666667;5;0.000113691;0;1.00E+00;0.00E+00;0.000118158;0.000189069;3.12E-05;7.80E-05;0.000578939;3.29E-06;0;5.41E-07;6.43E-07;2.52E-06;4.04E-06;5.91E-06;2.13E-06;1.91E-05;0;0;0;0;0;0;0;0;0;1.91E-05;0;0.000164325;0.000999711;0.000504719;0.001983126;0.003173283;0.005766069;0.000400449;0;0;0;0;0;0;0;0;0;1.32E-05;1.84E-05;5.91E-06;0;0;0;0;0;0;1.57E-08;0;2.57E-09;5.14E-08;2.02E-07;2.02E-07;7.80E-07;2.13E-07;1.45E-06;1.21E-05;Base;1_1
General cargo ships;5. 25000 - 49999 GT;Residual marine fuels, ISO F 80-180;15.22944444;157.655;10.mai;0;01.mai;1;0.5;1.75E-05;0;1.00E+00;0.00E+00;1.77E-05;1.89E-05;6.35E-06;1.59E-05;8.06E-05;5.05E-07;0;4.03E-08;6.15E-08;3.79E-07;4.04E-07;1.20E-06;4.33E-07;3.02E-06;0;0;0;0;0;0;0;0;0;3.02E-06;0;1.97E-05;0.000246887;7.77E-05;0.000478089;0.000510007;0.001885401;0.00013094;0;0;0;0;0;0;0;0;0;5.46E-07;2.72E-06;8.44E-07;1.20E-06;0;0;0;0;0;2.41E-09;0;1.92E-10;4.92E-09;3.03E-08;3.03E-08;1.59E-07;4.33E-08;2.68E-07;2.51E-06;Base;1_1
General cargo ships;5. 25000 - 49999 GT;Residual marine fuels, ISO F >180;39.87490741;484.94;65.66666667;0;20.33333333;4.333333333;5.666666667;0.000107591;0;1.00E+00;0.00E+00;7.68E-05;0.000214278;1.95E-05;4.88E-05;0.000512839;3.11E-06;0;1.96E-07;8.34E-07;1.64E-06;4.58E-06;3.70E-06;1.33E-06;1.54E-05;0;0;0;0;0;0;0;0;0;1.54E-05;0;9.56E-05;0.001520512;0.001052808;0.002071719;0.005780079;0.005799411;0.000402764;0;0;0;0;0;0;0;0;0;3.31E-06;1.87E-05;7.05E-06;3.70E-06;0;0;0;0;0;1.48E-08;0;9.31E-10;6.67E-08;1.31E-07;1.31E-07;4.88E-07;1.33E-07;9.51E-07;1.12E-05;Base;1_1
Offshore supply ships;1. < 1000 GT;Distillate marine fuels;2116.47713;1569.943333;458.6666667;14.66666667;23.66666667;30.33333333;3.666666667;0.000167923;0.000686927;1.00E+00;0.00E+00;0.002035851;0.000533343;9.57E-06;0.000172274;0.003957996;4.86E-06;1.99E-05;2.62E-06;5.59E-06;4.35E-05;1.14E-05;1.81E-06;4.70E-06;9.43E-05;0;0;0;0;0;0;0;0;0;9.43E-05;0.000760065;0.000100126;0.000185802;0.000552517;0.004299579;0.001126383;0.000222443;0.000111229;0;0;0;0;0;0;0;0;0.000239243;1.81E-06;0;0;0;0;0;0;0;0;2.31E-08;9.46E-08;1.25E-08;4.47E-07;3.48E-06;3.48E-06;2.39E-07;4.70E-07;8.21E-06;2.10E-05;Base;1_1
Offshore supply ships;2. 1000 - 4999 GT;Distillate marine fuels;18345.12898;29582.92333;6666.666667;386.6666667;140;23.66666667;33.33333333;0.002195583;0.018017056;1.00E+00;0.00E+00;0.001588411;0.00484857;0.000180345;0.003246211;0.032121056;6.35E-05;0.000521155;1.44E-05;3.31E-05;3.39E-05;0.000103602;3.41E-05;8.85E-05;0.00089231;0;0;0;0;0;0;0;0;0;0.00089231;0.074994925;0.002069928;0.009138983;0.012295444;0.012619747;0.038521336;0.015768251;0.007884665;0;0;0;0;0;0;0;0;0.000879439;0.000880364;0;3.41E-05;0;0;0;0;0;0;3.02E-07;2.48E-06;6.85E-08;2.65E-06;2.72E-06;2.72E-06;4.51E-06;8.85E-06;2.39E-05;0.000145498;Base;1_1
Offshore supply ships;2. 1000 - 4999 GT;Liquefied natural gas (LNG);1799.126389;3124.09;726.3333333;13;15.33333333;3.333333333;2.666666667;0.000239174;0.000608867;1.00E+00;0.00E+00;0.00022372;0.000387886;1.90E-05;0.000342815;0.002061714;0;0;0;0;0;0;0;0;0;0;0;0;0;0;0;0;0;0;0;0;0;0;0;0;0;0;0;0;0;0;0;0;0;0;0;0;0;0;0;0;0;0;0;0;0;3.29E-08;8.39E-08;9.74E-09;2.90E-07;3.82E-07;3.82E-07;4.76E-07;9.35E-07;2.55E-06;1.37E-05;Base;1_1
Offshore supply ships;2. 1000 - 4999 GT;Residual marine fuels, ISO F >180;7501.867778;1685.483333;905;38.33333333;9;6.333333333;5.333333333;0.000327901;0.001782115;1.00E+00;0.00E+00;0.000425068;0.000775771;1.03E-05;0.000184952;0.00416493;9.48E-06;5.15E-05;1.62E-05;2.13E-06;9.08E-06;1.66E-05;1.94E-06;5.04E-06;0.000111986;0;0;0;0;0;0;0;0;0;0.000111986;0.007417947;0.002328298;0.00136487;0.000790421;0.003377116;0.006163414;0.000898394;0.000449228;0;0;0;0;0;0;0;0;0.000111253;0.000125062;0;1.94E-06;0;0;0;0;0;0;4.52E-08;2.45E-07;7.70E-08;1.70E-07;7.27E-07;7.27E-07;2.57E-07;5.04E-07;2.63E-06;1.83E-05;Base;1_1
Offshore supply ships;3. 5000 - 9999 GT;Distillate marine fuels;4551.046111;9643.01;1629;548;74.33333333;26.33333333;14.33333333;0.000557909;0.024339813;1.00E+00;0.00E+00;0.001767387;0.002084885;5.88E-05;0.001058153;0.030816282;1.61E-05;0.000704044;3.69E-06;1.76E-05;3.78E-05;4.45E-05;1.11E-05;2.89E-05;0.000863726;0;0;0;0;0;0;0;0;0;0.000863726;0.19037159;0.000998411;0.004363634;0.012266952;0.026384949;0.031124806;0.009658105;0.004829383;0;0;0;0;0;0;0;0;0.000723874;0.000887014;9.99E-05;1.11E-05;0;0;0;0;0;0;7.68E-08;3.35E-06;1.76E-08;1.40E-06;3.02E-06;3.02E-06;1.47E-06;2.89E-06;1.52E-05;0.000119734;Base;1_1
Offshore supply ships;3. 5000 - 9999 GT;Liquefied natural gas (LNG);7072.069815;9597.723333;2280.666667;118.6666667;37;9.333333333;7.333333333;0.00074172;0.005518076;1.00E+00;0.00E+00;0.000626416;0.001066685;5.85E-05;0.001053183;0.009695973;0;0;0;0;0;0;0;0;0;0;0;0;0;0;0;0;0;0;0;0;0;0;0;0;0;0;0;0;0;0;0;0;0;0;0;0;0;0;0;0;0;0;0;0;0;1.02E-07;7.60E-07;3.06E-08;6.99E-07;1.07E-06;1.07E-06;1.46E-06;2.87E-06;7.94E-06;5.99E-05;Base;1_1
Oil product tankers;1. < 1000 GT;Distillate marine fuels;10482.28556;24820.48;8417.333333;1096.666667;261.3333333;84.66666667;53.33333333;0.006834399;0.034795963;1.00E+00;0.00E+00;0.001915926;0.001945839;0.000110079;0.000880631;0.052423797;0.000197689;0.001006495;0.000154181;1.30E-05;4.09E-05;4.16E-05;2.08E-05;2.40E-05;0.001498773;0.000197689;0.001006495;0.000154181;1.30E-05;4.09E-05;4.16E-05;2.08E-05;2.40E-05;0.001498773;0.002997547;0.014463242;0.002215561;0.002840777;0.000484526;0.001520041;0.001543773;0.000961107;0.000213594;0.030053476;0.004381142;0.005841443;0.001779347;0.005369602;0.005403256;0.004012941;0.000732843;0.001434486;0;0;0;0;0.002524774;2.59E-05;0;0;0;9.41E-07;4.79E-06;7.34E-07;1.04E-06;3.28E-06;3.28E-06;2.75E-06;2.40E-06;1.89E-05;3.08E-05;Base;1_1
Oil product tankers;2. 1000 - 4999 GT;Distillate marine fuels;108.3962963;737.78;96.33333333;0;9;2.666666667;4;7.16E-05;0;1.00E+00;0.00E+00;6.03E-05;0.000145938;3.27E-06;2.62E-05;0.00034542;2.07E-06;0;4.92E-07;4.49E-07;1.29E-06;3.12E-06;6.19E-07;7.14E-07;8.75E-06;2.07E-06;0;4.92E-07;4.49E-07;1.29E-06;3.12E-06;6.19E-07;7.14E-07;8.75E-06;1.75E-05;0;2.46E-05;0.0001036;5.81E-05;0.000166552;0.000402794;9.94E-05;2.21E-05;0;0.000149689;0.000630419;0.000539259;0.001547193;0.003741776;0.001117102;0.000200844;2.03E-05;6.19E-07;0;0;0;0;2.03E-05;6.19E-07;0;0;9.87E-09;0;2.34E-09;3.60E-08;1.03E-07;1.03E-07;8.18E-08;7.14E-08;4.02E-07;2.00E-06;Base;1_1
Oil product tankers;2. 1000 - 4999 GT;Residual marine fuels ISO F 10-80;1072.568889;5639.603333;554;5.666666667;84.33333333;24.33333333;15.66666667;0.000454203;0.000121929;1.00E+00;0.00E+00;0.00055064;0.00057159;2.50E-05;0.000200093;0.002283176;1.31E-05;3.53E-06;4.70E-06;4.21E-06;1.18E-05;1.22E-05;4.73E-06;5.46E-06;5.97E-05;1.31E-05;3.53E-06;4.70E-06;4.21E-06;1.18E-05;1.22E-05;4.73E-06;5.46E-06;5.97E-05;0.000119497;0.000176312;0.000235165;0.000656788;0.000543951;0.001519788;0.001577611;0.000759712;0.000168836;0.000835641;0.00090626;0.003504696;0.004418075;0.011879975;0.012825733;0.007329784;0.001317823;0.000131939;4.73E-06;0;0;0;3.75E-05;9.49E-05;4.22E-06;0;0;6.26E-08;1.68E-08;2.24E-08;3.37E-07;9.41E-07;9.41E-07;6.25E-07;5.46E-07;3.45E-06;1.26E-05;Base;1_1
Oil product tankers;2. 1000 - 4999 GT;Residual marine fuels, ISO F >180;20.61944444;218.24;16;0;3;3;0;1.30E-05;0;1.00E+00;0.00E+00;6.79E-05;0;9.68E-07;7.74E-06;0.000100403;3.75E-07;0;1.10E-07;1.50E-07;1.45E-06;0;1.83E-07;2.11E-07;2.48E-06;3.75E-07;0;1.10E-07;1.50E-07;1.45E-06;0;1.83E-07;2.11E-07;2.48E-06;4.96E-06;0;5.52E-06;1.88E-05;1.94E-05;0.000187371;0;2.94E-05;6.53E-06;0;1.85E-05;6.30E-05;9.92E-05;0.000960143;0;0.00018228;3.28E-05;5.99E-06;1.83E-07;0;0;0;2.09E-06;4.08E-06;0;0;0;1.79E-09;0;5.26E-10;1.20E-08;1.16E-07;1.16E-07;2.42E-08;2.11E-08;2.90E-07;6.39E-07;Base;1_1
Oil product tankers;3. 5000 - 9999 GT;Distillate marine fuels;68.33166667;446.89;69;0;2;1;3;5.03E-05;0;1.00E+00;0.00E+00;2.26E-05;0.000109453;1.98E-06;1.59E-05;0.000213855;1.45E-06;0;2.60E-07;9.99E-08;4.84E-07;2.34E-06;3.75E-07;4.32E-07;5.44E-06;1.45E-06;0;2.60E-07;9.99E-08;4.84E-07;2.34E-06;3.75E-07;4.32E-07;5.44E-06;1.09E-05;0;2.54E-05;0.000142488;2.53E-05;0.000122385;0.000591961;0.000117964;2.62E-05;0;0.000103102;0.00057771;0.000166041;0.000803909;0.003888393;0.000955388;0.000168165;9.64E-06;2.92E-06;3.75E-07;0;0;0;1.26E-05;3.75E-07;0;0;6.93E-09;0;1.24E-09;7.99E-09;3.87E-08;3.87E-08;4.95E-08;4.32E-08;1.82E-07;2.02E-06;Base;1_1
Oil product tankers;3. 5000 - 9999 GT;Residual marine fuels ISO F 10-80;44.4975;402.29;35;0;6;1;1;2.84E-05;0;1.00E+00;0.00E+00;2.26E-05;3.65E-05;1.78E-06;1.43E-05;0.000131877;8.21E-07;0;4.14E-07;3.00E-07;4.84E-07;7.80E-07;3.38E-07;3.89E-07;3.52E-06;8.21E-07;0;4.14E-07;3.00E-07;4.84E-07;7.80E-07;3.38E-07;3.89E-07;3.52E-06;7.05E-06;0;4.05E-05;8.04E-05;7.58E-05;0.000122385;0.00019732;0.000106191;2.36E-05;0;0.000215309;0.00042104;0.000652459;0.001080829;0.00147327;0.001078471;0.000189829;5.95E-06;1.56E-06;3.38E-07;0;0;0;5.95E-06;1.90E-06;0;0;3.91E-09;0;1.97E-09;2.40E-08;3.87E-08;3.87E-08;4.46E-08;3.89E-08;1.88E-07;1.25E-06;Base;1_1
Oil product tankers;3. 5000 - 9999 GT;Residual marine fuels, ISO F >180;60.10375;359.645;47.5;0;05.mai;2;1;3.85E-05;0;1.00E+00;0.00E+00;4.53E-05;3.65E-05;1.60E-06;1.28E-05;0.00015503;1.11E-06;0;2.18E-07;2.75E-07;9.67E-07;7.80E-07;3.02E-07;3.48E-07;4.00E-06;1.11E-06;0;2.18E-07;2.75E-07;9.67E-07;7.80E-07;3.02E-07;3.48E-07;4.00E-06;8.01E-06;0;2.14E-05;0.000109164;6.95E-05;0.000244771;0.00019732;9.49E-05;2.11E-05;0;8.93E-05;0.000455305;0.000469721;0.001653972;0.001333337;0.000790941;0.000139219;7.01E-06;2.02E-06;3.02E-07;0;0;0;7.01E-06;2.32E-06;0;0;5.31E-09;0;1.04E-09;2.20E-08;7.74E-08;7.74E-08;3.99E-08;3.48E-08;2.54E-07;1.45E-06;Base;1_1
Oil product tankers;4. 10000 - 24999 GT;Liquefied natural gas (LNG);128.0763889;887.43;105;6;31;7;6;8.60E-05;3.85E-05;1.00E+00;0.00E+00;0.000158403;0.000218907;3.94E-06;3.15E-05;0.000617901;0;0;0;0;0;0;0;0;0;2.49E-06;1.11E-06;2.38E-07;1.55E-06;3.38E-06;4.68E-06;7.45E-07;8.59E-07;1.51E-05;1.51E-05;0;0;0;0;0;0;0;0;0.000861694;0.000184014;0.001923075;0.005220854;0.011415602;0.015775894;0.003895786;0.000676371;0;0;0;0;0;0;1.80E-05;2.00E-05;0;0;1.18E-08;5.31E-09;1.13E-09;1.24E-07;2.71E-07;2.71E-07;9.84E-08;8.59E-08;8.60E-07;7.60E-06;Base;1_1
Oil product tankers;4. 10000 - 24999 GT;Residual marine fuels, ISO F 80-180;38.32652778;363.85;41.5;0;08.mai;1;0.5;3.16E-05;0;1.00E+00;0.00E+00;2.26E-05;1.82E-05;1.61E-06;1.29E-05;0.000110678;9.15E-07;0;1.10E-07;4.24E-07;4.84E-07;3.90E-07;3.05E-07;3.52E-07;2.98E-06;9.15E-07;0;1.10E-07;4.24E-07;4.84E-07;3.90E-07;3.05E-07;3.52E-07;2.98E-06;5.96E-06;0;2.75E-05;0.000229444;0.000275013;0.000313297;0.000252562;0.000245865;5.46E-05;0;8.86E-05;0.000833722;0.001441238;0.001931324;0.00125178;0.001676028;0.000290985;1.02E-06;3.95E-06;1.30E-06;3.05E-07;0;0;3.61E-06;2.97E-06;0;0;4.36E-09;0;5.22E-10;3.40E-08;3.87E-08;3.87E-08;4.03E-08;3.52E-08;1.88E-07;1.35E-06;Base;1_1
Oil product tankers;4. 10000 - 24999 GT;Residual marine fuels, ISO F >180;62.44486111;322.49;35.5;02.mai;03.mai;01.mai;2;2.76E-05;8.73E-05;1.00E+00;0.00E+00;3.39E-05;7.30E-05;1.43E-06;1.14E-05;0.000252364;7.98E-07;2.53E-06;2.74E-07;1.75E-07;7.25E-07;1.56E-06;2.71E-07;3.12E-07;6.64E-06;7.98E-07;2.53E-06;2.74E-07;1.75E-07;7.25E-07;1.56E-06;2.71E-07;3.12E-07;6.64E-06;1.33E-05;0.000633519;6.88E-05;0.000200028;0.000113241;0.000469945;0.001010247;0.000217917;4.84E-05;0.001860173;0.000201989;0.000587333;0.000561259;0.002329203;0.005007119;0.001348008;0.000234036;3.60E-06;8.54E-06;2.46E-06;2.71E-07;0;0;9.68E-06;5.19E-06;0;0;3.80E-09;1.20E-08;1.31E-09;1.40E-08;5.80E-08;5.80E-08;3.58E-08;3.12E-08;2.12E-07;2.17E-06;Base;1_1
Other activities;1. < 1000 GT;Distillate marine fuels;109085.8222;120434.7067;52440;2190.333333;530.3333333;171.6666667;116;0.018947315;0.103435819;1.00E+00;0.00E+00;0.006224912;0.010769179;0.004355735;0.009333718;0.235496642;0.000548063;0.002991945;0.002312548;5.30E-05;0.000133011;0.000230111;0.000824058;0.000254556;0.007347323;0;0;0;0;0;0;0;0;0;0.007347323;0.040571793;0.031358931;0.007431918;0.001858126;0.004660431;0.008062607;0.035887726;0.00213632;0;0;0;0;0;0;0;0;0.001240211;0;0;0;0;0;0;0;0;0;2.61E-06;1.42E-05;1.10E-05;4.24E-06;1.06E-05;1.06E-05;0.000108893;2.55E-05;0.000174121;0.000582648;Base;1_1
Other activities;2. 1000 - 4999 GT;Distillate marine fuels;46580.54352;120921.4267;35030.33333;3110.333333;736;194;186;0.012667767;0.142674675;1.00E+00;0.00E+00;0.007034755;0.017267822;0.004373338;0.009371439;0.220102051;0.000366423;0.004126953;0.000673038;7.36E-05;0.000150315;0.000368971;0.000827388;0.000255585;0.006842271;0;0;0;0;0;0;0;0;0;0.006842271;0.269791247;0.043998479;0.023954164;0.012431739;0.025390402;0.06232441;0.173710175;0.010340599;0;0;0;0;0;0;0;0;0.011911763;0;0.000827388;0;0;0;0;0;0;0;1.74E-06;1.97E-05;3.20E-06;5.89E-06;1.20E-05;1.20E-05;0.000109333;2.56E-05;0.000184482;0.001676192;Base;1_1
Other activities;2. 1000 - 4999 GT;Liquefied natural gas (LNG);286.3626852;1318.093333;305.3333333;72;8;2.333333333;1.666666667;0.000107699;0.001306708;1.00E+00;0.00E+00;8.46E-05;0.00015473;4.77E-05;0.000102153;0.001899874;0;0;0;0;0;0;0;0;0;0;0;0;0;0;0;0;0;0;0;0;0;0;0;0;0;0;0;0;0;0;0;0;0;0;0;0;0;0;0;0;0;0;0;0;0;1.48E-08;1.80E-07;8.11E-09;6.40E-08;1.45E-07;1.45E-07;1.19E-06;2.79E-07;2.00E-06;1.74E-05;Base;1_1
Other activities;3. 5000 - 9999 GT;Distillate marine fuels;316.130463;626.1166667;114.6666667;24.66666667;2.666666667;1;0.666666667;3.88E-05;0.000958516;1.00E+00;0.00E+00;3.63E-05;6.19E-05;2.26E-05;4.85E-05;0.001226524;1.12E-06;2.77E-05;1.37E-06;2.67E-07;7.75E-07;1.32E-06;4.28E-06;1.32E-06;3.82E-05;0;0;0;0;0;0;0;0;0;3.82E-05;0.006340981;0.000313536;0.000256748;0.000157579;0.000457872;0.000781502;0.003146684;0.000187315;0;0;0;0;0;0;0;0;3.02E-05;3.36E-05;2.36E-06;4.28E-06;0;0;0;0;0;0;5.35E-09;1.32E-07;6.53E-09;2.13E-08;6.20E-08;6.20E-08;5.66E-07;1.32E-07;9.76E-07;1.63E-05;Base;1_1
Other activities;4. 10000 - 24999 GT;Distillate marine fuels;83.00458333;277.575;8;1;0;0;0;2.91E-06;5.08E-05;1.00E+00;0.00E+00;0;0;1.00E-05;2.15E-05;8.97E-05;8.42E-08;1.47E-06;1.29E-07;0;0;0;1.90E-06;5.87E-07;4.17E-06;0;0;0;0;0;0;0;0;0;4.17E-06;0.000604093;5.30E-05;3.46E-05;0;0;0;0.002509789;0.000149402;0;0;0;0;0;0;0;0;0;2.27E-06;1.65E-06;0;1.90E-06;0;0;0;0;0;4.01E-10;6.99E-09;6.13E-10;0;0;0;2.51E-07;5.87E-08;3.17E-07;5.26E-06;Base;1_1
Other activities;4. 10000 - 24999 GT;Residual marine fuels ISO F 10-80;151.7780556;145.77;13.33333333;0;0;5.333333333;0.666666667;4.49E-06;0;1.00E+00;0.00E+00;0.000193395;6.19E-05;5.27E-06;1.13E-05;0.000304047;1.30E-07;0;8.01E-07;0;4.13E-06;1.32E-06;9.97E-07;3.08E-07;7.69E-06;0;0;0;0;0;0;0;0;0;7.69E-06;0;0.000329721;5.34E-05;0;0.004393407;0.001406011;0.001318029;7.85E-05;0;0;0;0;0;0;0;0;0;1.24E-06;1.18E-05;5.45E-06;9.97E-07;0;0;0;0;0;6.18E-10;0;3.82E-09;0;3.31E-07;3.31E-07;1.32E-07;3.08E-08;8.24E-07;1.01E-05;Base;1_1
Other activities;4. 10000 - 24999 GT;Residual marine fuels, ISO F 80-180;66.72555556;39.14;10;1;0;0;0;3.27E-06;5.08E-05;1.00E+00;0.00E+00;0;0;1.42E-06;3.03E-06;6.86E-05;9.47E-08;1.47E-06;2.93E-07;0;0;0;2.68E-07;8.27E-08;2.21E-06;0;0;0;0;0;0;0;0;0;2.21E-06;0.000604093;0.000120631;3.90E-05;0;0;0;0.000353898;2.11E-05;0;0;0;0;0;0;0;0;0;1.94E-06;1.69E-06;0;2.68E-07;0;0;0;0;0;4.51E-10;6.99E-09;1.40E-09;0;0;0;3.54E-08;8.27E-09;5.07E-08;8.68E-07;Base;1_1
Other activities;4. 10000 - 24999 GT;Residual marine fuels, ISO F >180;7.291944444;37.3;11;12;1;0;0;4.00E-06;0.000609072;1.00E+00;0.00E+00;0;0;1.35E-06;2.89E-06;0.000624952;1.16E-07;1.76E-05;8.56E-08;1.00E-07;0;0;2.55E-07;7.88E-08;1.83E-05;0;0;0;0;0;0;0;0;0;1.83E-05;0.007249112;3.52E-05;4.76E-05;0.000106314;0;0;0.000337261;2.01E-05;0;0;0;0;0;0;0;0;0;1.79E-05;1.63E-05;1.00E-07;2.55E-07;0;0;0;0;0;5.51E-10;8.39E-08;4.07E-10;8.00E-09;0;0;3.37E-08;7.88E-09;1.34E-07;2.22E-06;Base;1_1
Other activities;5. 25000 - 49999 GT;Residual marine fuels ISO F 10-80;960.2448148;367.5633333;25;2.333333333;3.333333333;1.666666667;2.666666667;6.91E-06;0.000118431;1.00E+00;0.00E+00;6.04E-05;0.000247567;1.33E-05;2.85E-05;0.000643537;2.00E-07;3.43E-06;4.42E-06;3.33E-07;1.29E-06;5.29E-06;2.52E-06;7.77E-07;1.83E-05;0;0;0;0;0;0;0;0;0;1.83E-05;0.002507098;0.003234895;0.000146346;0.000630317;0.002441982;0.010003221;0.00591126;0.000351885;0;0;0;0;0;0;0;0;0;0;8.82E-06;2.82E-05;2.52E-06;0;0;0;0;0;9.52E-10;1.63E-08;2.10E-08;2.67E-08;1.03E-07;1.03E-07;3.32E-07;7.77E-08;6.60E-07;2.80E-05;Base;1_1
Other service offshore vessels;1. < 1000 GT;Distillate marine fuels;2849.1625;1026.503333;311.3333333;21;5.333333333;4;2.666666667;0.000120748;0.000983555;1.00E+00;0.00E+00;0.000268464;0.000387886;6.26E-06;0.000112641;0.00219366;3.49E-06;2.84E-05;7.38E-06;1.26E-06;5.74E-06;8.29E-06;1.18E-06;3.07E-06;5.89E-05;0;0;0;0;0;0;0;0;0;5.89E-05;0.000725517;0.000188213;8.91E-05;8.30E-05;0.000377985;0.000546125;9.70E-05;4.85E-05;0;0;0;0;0;0;0;0;8.62E-05;0;0;0;0;0;0;0;0;0;1.66E-08;1.35E-07;3.51E-08;1.01E-07;4.59E-07;4.59E-07;1.56E-07;3.07E-07;1.62E-06;5.78E-06;Base;1_1
Other service offshore vessels;2. 1000 - 4999 GT;Distillate marine fuels;870.0373148;1527.06;337.6666667;13.33333333;6.666666667;1.666666667;1;0.000111704;0.000624479;1.00E+00;0.00E+00;0.00011186;0.000145457;9.31E-06;0.000167568;0.001265515;3.23E-06;1.81E-05;6.20E-07;1.57E-06;2.39E-06;3.11E-06;1.76E-06;4.57E-06;3.53E-05;0;0;0;0;0;0;0;0;0;3.53E-05;0.002453121;8.42E-05;0.000438803;0.000552558;0.000838717;0.001090625;0.00076816;0.000384106;0;0;0;0;0;0;0;0;6.15E-05;7.07E-06;0;1.76E-06;0;0;0;0;0;0;1.54E-08;8.60E-08;2.95E-09;1.26E-07;1.91E-07;1.91E-07;2.33E-07;4.57E-07;1.28E-06;1.05E-05;Base;1_1
Other service offshore vessels;3. 5000 - 9999 GT;Distillate marine fuels;1917.262315;2314.323333;531.6666667;79.66666667;12.66666667;4.666666667;4.666666667;0.0001766;0.003704737;1.00E+00;0.00E+00;0.000313208;0.0006788;1.41E-05;0.000253957;0.005332062;5.11E-06;0.000107162;1.46E-06;2.99E-06;6.69E-06;1.45E-05;2.67E-06;6.93E-06;0.000147519;0;0;0;0;0;0;0;0;0;0.000147519;0.024399919;0.000333464;0.001163112;0.001760198;0.003937343;0.008533207;0.001951863;0.000975998;0;0;0;0;0;0;0;0;0.000113735;0.000159327;2.42E-05;2.67E-06;0;0;0;0;0;0;2.43E-08;5.10E-07;6.97E-09;2.39E-07;5.35E-07;5.35E-07;3.53E-07;6.93E-07;2.87E-06;6.22E-05;Base;1_1
Other service offshore vessels;4. 10000 - 24999 GT;Distillate marine fuels;654.6738889;1031.59;264.3333333;24.66666667;7.666666667;1.333333333;5;8.84E-05;0.001115498;1.00E+00;0.00E+00;8.95E-05;0.000727285;6.29E-06;0.000113199;0.002239401;2.56E-06;3.23E-05;4.20E-07;1.81E-06;1.91E-06;1.55E-05;1.19E-06;3.09E-06;5.88E-05;0;0;0;0;0;0;0;0;0;5.88E-05;0.012701846;0.000165465;0.001006141;0.001841929;0.001944923;0.015806751;0.001504179;0.000752141;0;0;0;0;0;0;0;0;0;3.83E-05;7.10E-05;1.93E-05;1.19E-06;0;0;0;0;0;1.22E-08;1.54E-07;2.00E-09;1.45E-07;1.53E-07;1.53E-07;1.57E-07;3.09E-07;1.07E-06;5.04E-05;Base;1_1
Other service offshore vessels;4. 10000 - 24999 GT;Residual marine fuels ISO F 10-80;2142.097037;3366.126667;719.6666667;86.66666667;21.33333333;4.333333333;7;0.000242107;0.004059115;1.00E+00;0.00E+00;0.000290836;0.0010182;2.05E-05;0.000369374;0.006292585;7.00E-06;0.000117412;1.64E-06;5.04E-06;6.21E-06;2.18E-05;3.88E-06;1.01E-05;0.000173019;0;0;0;0;0;0;0;0;0;0.000173019;0.046219938;0.000644605;0.002756799;0.005125366;0.006320998;0.022129451;0.004908207;0.002454272;0;0;0;0;0;0;0;0;0;0.000136127;0.000181885;3.30E-05;3.88E-06;0;0;0;0;0;3.33E-08;5.59E-07;7.80E-09;4.03E-07;4.97E-07;4.97E-07;5.13E-07;1.01E-06;3.48E-06;0.000104482;Base;1_1
Other service offshore vessels;5. 25000 - 49999 GT;Residual marine fuels ISO F 10-80;136.9212037;717.41;56;0;13.33333333;1;5;2.00E-05;0;1.00E+00;0.00E+00;6.71E-05;0.000727285;4.37E-06;7.87E-05;0.001046907;5.80E-07;0;5.72E-08;3.15E-06;1.43E-06;1.55E-05;8.27E-07;2.15E-06;2.37E-05;0;0;0;0;0;0;0;0;0;2.37E-05;0;4.45E-05;0.000451758;0.006340829;0.002887385;0.031288427;0.002070623;0.001035382;0;0;0;0;0;0;0;0;0;0;2.78E-06;6.15E-05;8.27E-07;0;0;0;0;0;2.76E-09;0;2.72E-10;2.52E-07;1.15E-07;1.15E-07;1.09E-07;2.15E-07;8.05E-07;6.70E-05;Base;1_1
Other service offshore vessels;5. 25000 - 49999 GT;Residual marine fuels, ISO F >180;27.66518519;85.38666667;19.66666667;1.333333333;0.333333333;0.333333333;0.333333333;7.21E-06;6.24E-05;1.00E+00;0.00E+00;2.24E-05;4.85E-05;5.21E-07;9.37E-06;0.000154603;2.09E-07;1.81E-06;1.48E-08;7.87E-08;4.78E-07;1.04E-06;9.85E-08;2.56E-07;3.98E-06;0;0;0;0;0;0;0;0;0;3.98E-06;0.001407528;1.15E-05;0.000162523;0.000158521;0.000962462;0.002085895;0.000246447;0.000123232;0;0;0;0;0;0;0;0;0;0;2.29E-06;6.67E-06;9.85E-08;0;0;0;0;0;9.93E-10;8.60E-09;7.05E-11;6.30E-09;3.82E-08;3.82E-08;1.30E-08;2.56E-08;1.30E-07;5.92E-06;Base;1_1
Passenger ships;1. < 1000 GT;Distillate marine fuels;126788.0876;499664.72;322492.6667;56870.66667;4396.333333;2401;4564.666667;0.106176541;0.227192275;1.00E+00;0.00E+00;0.020813451;0.033329241;0.002953738;0.066951388;0.473032107;0.002325034;0.004975013;0.000260361;3.00E-05;0.00016785;0.000268784;0.000984579;0.000956448;0.009968116;0;0;0;0;0;0;0;0;0;0.009968116;0.036248707;0.001897033;0.016940551;0.000565646;0.003160013;0.005060229;0.023039154;0.00431293;0;0;0;0;0;0;0;0;0.000984579;0;0;0;0;0;0;0;0;0;3.10E-05;6.63E-05;3.47E-06;3.00E-06;1.68E-05;1.68E-05;9.85E-05;9.56E-05;0.000297011;0.019565355;Base;1_1
Passenger ships;2. 1000 - 4999 GT;Distillate marine fuels;71411.03269;274188.1233;277409.3333;93799;3977.333333;142.6666667;2230.666667;0.0911436;0.411487483;1.00E+00;0.00E+00;0.001236729;0.016287373;0.001620846;0.036739187;0.567182388;0.001995845;0.009010675;0.000115984;2.72E-05;9.97E-06;0.00013135;0.000540282;0.000524846;0.012356137;0;0;0;0;0;0;0;0;0;0.012356137;0.264436308;0.003403791;0.058572078;0.002061159;0.000756284;0.009960045;0.050921594;0.009532522;0;0;0;0;0;0;0;0;0.022829365;0;0;0;0;0;0;0;0;0;2.66E-05;0.000120142;1.55E-06;2.72E-06;9.97E-07;9.97E-07;5.40E-05;5.25E-05;0.000231368;0.038740707;Base;1_1
Passenger ships;2. 1000 - 4999 GT;Liquefied natural gas (LNG);19749.81287;73431.06;44174.33333;11907.66667;4959;20.33333333;1651;0.014337061;0.045227667;1.00E+00;0.00E+00;0.000176263;0.012054895;0.000434083;0.009839221;0.08713291;0;0;0;0;0;0;0;0;0;0;0;0;0;0;0;0;0;0;0;0;0;0;0;0;0;0;0;0;0;0;0;0;0;0;0;0;0;0;0;0;0;0;0;0;0;4.19E-06;1.32E-05;2.51E-07;3.39E-06;1.42E-07;1.42E-07;1.45E-05;1.41E-05;4.54E-05;0.007721081;Base;1_1
Passenger ships;3. 5000 - 9999 GT;Liquefied natural gas (LNG);52.835;573.68;73;7;18;2;4;2.40E-05;3.43E-05;1.00E+00;0.00E+00;1.73E-05;2.92E-05;3.39E-06;7.69E-05;0.000201761;0;0;0;0;0;0;0;0;0;0;0;0;0;0;0;0;0;0;0;0;0;0;0;0;0;0;0;0;0;0;0;0;0;0;0;0;0;0;0;0;0;0;0;0;0;7.02E-09;1.00E-08;4.00E-10;1.23E-08;1.40E-08;1.40E-08;1.13E-07;1.10E-07;2.73E-07;6.92E-05;Base;1_1
Passenger ships;3. 5000 - 9999 GT;Residual marine fuels ISO F 10-80;1117.389167;8571.423333;1924.333333;937.6666667;182.3333333;81;75;0.000597739;0.003913125;1.00E+00;0.00E+00;0.000702161;0.000547618;5.07E-05;0.001148508;0.007167837;1.31E-05;8.57E-05;1.17E-06;1.25E-06;5.66E-06;4.42E-06;1.69E-05;1.64E-05;0.000144572;0;0;0;0;0;0;0;0;0;0.000144572;0.004699909;6.43E-05;0.000717922;0.000176598;0.000802506;0.000625877;0.002975141;0.000556946;0;0;0;0;0;0;0;0;0.000244224;1.69E-05;0;0;0;0;0;0;0;0;1.75E-07;1.14E-06;1.56E-08;1.25E-07;5.66E-07;5.66E-07;1.69E-06;1.64E-06;5.73E-06;0.001273402;Base;1_1
Passenger ships;4. 10000 - 24999 GT;Residual marine fuels, ISO F 80-180;9146.810648;76575.26;16570.33333;9572.666667;2109;766;798;0.005155923;0.041151675;1.00E+00;0.00E+00;0.006640193;0.005826654;0.00045267;0.01026052;0.071569251;0.000112903;0.000901132;6.45E-06;1.44E-05;5.35E-05;4.70E-05;0.00015089;0.000146579;0.001432902;0;0;0;0;0;0;0;0;0;0.001432902;0.239651049;0.001714254;0.030026055;0.009904294;0.036797502;0.032289169;0.128875152;0.024125428;0;0;0;0;0;0;0;0;0.001020481;0.001330095;0.000114952;0.00015089;0;0;0;0;0;0;1.51E-06;1.20E-05;8.59E-08;1.44E-06;5.35E-06;5.35E-06;1.51E-05;1.47E-05;5.39E-05;0.017681456;Base;1_1
Passenger ships;5. 25000 - 49999 GT;Liquefied natural gas (LNG);269.1865278;176.195;17.mai;0.5;03.mai;02.mai;1;5.43E-06;2.45E-06;1.00E+00;0.00E+00;2.17E-05;7.30E-06;1.04E-06;2.36E-05;6.85E-05;0;0;0;0;0;0;0;0;0;0;0;0;0;0;0;0;0;0;0;0;0;0;0;0;0;0;0;0;0;0;0;0;0;0;0;0;0;0;0;0;0;0;0;0;0;1.59E-09;7.15E-10;1.19E-09;2.39E-09;1.75E-08;1.75E-08;3.47E-08;3.37E-08;1.07E-07;3.99E-05;Base;1_1
Refrigerated cargo ships;2. 1000 - 4999 GT;Distillate marine fuels;0.107222222;1.385;0;0;0;0;0;0;0;1.00E+00;0.00E+00;0;0;5.58E-08;1.39E-07;1.95E-07;0;0;0;0;0;0;1.06E-08;3.80E-09;1.44E-08;0;0;0;0;0;0;0;0;0;1.44E-08;0;0;0;0;0;0;4.60E-06;3.19E-07;0;0;0;0;0;0;0;0;4.72E-09;0;0;1.06E-08;0;0;0;0;0;0;0;0;0;0;0;0;1.39E-09;3.80E-10;1.78E-09;9.58E-09;Base;1_1
Refrigerated cargo ships;2. 1000 - 4999 GT;Residual marine fuels ISO F 10-80;3473.588981;22089.17667;3310.666667;223.3333333;260.3333333;70.66666667;31;0.005569752;0.012959505;1.00E+00;0.00E+00;0.001252472;0.001172229;0.000889874;0.002224685;0.025600647;0.000161109;0.000374862;2.99E-05;1.07E-05;2.68E-05;2.50E-05;0.000168355;6.07E-05;0.000857349;0;0;0;0;0;0;0;0;0;0.000857349;0.050832523;0.004049587;0.021846865;0.003741173;0.009376936;0.008776177;0.0733184;0.005091904;0;0;0;0;0;0;0;0;0.001275294;6.25E-05;0;0.000168355;0;0;0;0;0;0;7.67E-07;1.79E-06;1.42E-07;8.54E-07;2.14E-06;2.14E-06;2.22E-05;6.07E-06;3.52E-05;0.000195742;Base;1_1
Refrigerated cargo ships;2. 1000 - 4999 GT;Residual marine fuels, ISO F 80-180;28.83537037;120.3;14.33333333;0;1.666666667;0.333333333;0.666666667;2.38E-05;0;1.00E+00;0.00E+00;5.91E-06;2.52E-05;4.85E-06;1.21E-05;8.22E-05;6.90E-07;0;2.05E-07;6.84E-08;1.26E-07;5.39E-07;9.17E-07;3.30E-07;2.88E-06;0;0;0;0;0;0;0;0;0;2.88E-06;0;2.79E-05;9.35E-05;2.40E-05;4.42E-05;0.000188735;0.0003993;2.77E-05;0;0;0;0;0;0;0;0;3.58E-06;7.33E-07;0;9.17E-07;0;0;0;0;0;0;3.28E-09;0;9.78E-10;5.47E-09;1.01E-08;1.01E-08;1.21E-07;3.30E-08;1.80E-07;1.19E-06;Base;1_1
Refrigerated cargo ships;2. 1000 - 4999 GT;Residual marine fuels, ISO F >180;1539.521204;13126.7;1915;133;157;37.66666667;27;0.003216625;0.007410186;1.00E+00;0.00E+00;0.000667591;0.001020974;0.000528816;0.00132204;0.015000413;9.30E-05;0.000214344;1.54E-05;6.44E-06;1.43E-05;2.18E-05;0.000100046;3.61E-05;0.000501421;0;0;0;0;0;0;0;0;0;0.000501421;0.029065807;0.002089945;0.012616929;0.002256201;0.004998084;0.007643767;0.043570145;0.003025912;0;0;0;0;0;0;0;0;0.000743067;4.25E-05;0;0.000100046;0;0;0;0;0;0;4.43E-07;1.02E-06;7.34E-08;5.15E-07;1.14E-06;1.14E-06;1.32E-05;3.61E-06;2.06E-05;0.0001184;Base;1_1
Refrigerated cargo ships;3. 5000 - 9999 GT;Residual marine fuels ISO F 10-80;0;0;0;0;0;0;0;0;0;1.00E+00;0.00E+00;0;0;0;0;0;0;0;0;0;0;0;0;0;0;0;0;0;0;0;0;0;0;0;0;0;0;0;0;0;0;0;0;0;0;0;0;0;0;0;0;0;0;0;0;0;0;0;0;0;0;0;0;0;0;0;0;0;0;0;0;Base;1_1
Ro-Ro cargo ships;1. < 1000 GT;Distillate marine fuels;724.9822222;506.1133333;316.6666667;7.333333333;3.666666667;0.333333333;0.666666667;0.000531298;0.000467619;1.00E+00;0.00E+00;5.91E-06;2.52E-05;2.04E-05;5.10E-05;0.001268694;1.54E-05;1.35E-05;4.64E-06;1.50E-07;1.26E-07;5.39E-07;3.86E-06;1.39E-06;3.96E-05;0;0;0;0;0;0;0;0;0;3.96E-05;0.000364102;0.000124783;0.000413683;1.05E-05;8.78E-06;3.75E-05;0.000333471;2.32E-05;0;0;0;0;0;0;0;0;3.82E-05;0;0;0;0;0;0;0;0;0;7.32E-08;6.44E-08;2.21E-08;1.20E-08;1.01E-08;1.01E-08;5.10E-07;1.39E-07;7.45E-07;1.46E-06;Base;1_1
Ro-Ro cargo ships;2. 1000 - 4999 GT;Distillate marine fuels;177.9725926;856.6566667;93.66666667;6.333333333;21.66666667;4.333333333;1.333333333;0.000158613;0.000403853;1.00E+00;0.00E+00;7.68E-05;5.04E-05;3.45E-05;8.63E-05;0.000879159;4.59E-06;1.17E-05;7.84E-07;8.89E-07;1.64E-06;1.08E-06;6.53E-06;2.35E-06;2.95E-05;0;0;0;0;0;0;0;0;0;2.95E-05;0.000763668;5.12E-05;0.00029993;0.000150106;0.000277202;0.000181974;0.001370781;9.52E-05;0;0;0;0;0;0;0;0;4.61E-05;0;6.53E-06;0;0;0;0;0;0;0;2.18E-08;5.56E-08;3.73E-09;7.11E-08;1.31E-07;1.31E-07;8.63E-07;2.35E-07;1.49E-06;6.77E-06;Base;1_1
Ro-Ro cargo ships;2. 1000 - 4999 GT;Residual marine fuels ISO F 10-80;213.2965278;758.235;76.5;1;6;3;0;0.000124783;6.38E-05;1.00E+00;0.00E+00;5.32E-05;0;3.05E-05;7.64E-05;0.000423839;3.61E-06;1.84E-06;1.84E-06;2.46E-07;1.14E-06;0;5.78E-06;2.08E-06;1.65E-05;0;0;0;0;0;0;0;0;0;1.65E-05;0.000120579;0.000120437;0.000235959;4.16E-05;0.000191909;0;0.001213291;8.43E-05;0;0;0;0;0;0;0;0;2.06E-05;0;5.78E-06;0;0;0;0;0;0;0;1.72E-08;8.78E-09;8.77E-09;1.97E-08;9.09E-08;9.09E-08;7.64E-07;2.08E-07;1.18E-06;5.13E-06;Base;1_1
Ro-Ro cargo ships;3. 5000 - 9999 GT;Liquefied natural gas (LNG);1124.468426;9699.716667;1424;120.6666667;154;45.33333333;53.33333333;0.002359228;0.007142876;1.00E+00;0.00E+00;0.000803473;0.002016738;0.000390758;0.000976895;0.014196674;0;0;0;0;0;0;0;0;0;0;0;0;0;0;0;0;0;0;0;0;0;0;0;0;0;0;0;0;0;0;0;0;0;0;0;0;0;0;0;0;0;0;0;0;0;3.25E-07;9.84E-07;2.91E-08;5.05E-07;1.37E-06;1.37E-06;9.77E-06;2.66E-06;1.67E-05;0.000112499;Base;1_1
Ro-Ro cargo ships;3. 5000 - 9999 GT;Residual marine fuels ISO F 10-80;1994.955926;13477.15333;2706.333333;867.6666667;275.6666667;72.66666667;71.33333333;0.00467908;0.051255858;1.00E+00;0.00E+00;0.001287919;0.002697387;0.000542934;0.001357335;0.063103927;0.000135345;0.001482607;2.18E-05;1.13E-05;2.75E-05;5.76E-05;0.000102717;3.70E-05;0.001875969;0;0;0;0;0;0;0;0;0;0.001875969;0.198946121;0.002927664;0.01816153;0.003920135;0.00954158;0.019983655;0.044266007;0.003074239;0;0;0;0;0;0;0;0;0.003354392;9.65E-05;0;0.000102717;0;0;0;0;0;0;6.45E-07;7.06E-06;1.04E-07;9.05E-07;2.20E-06;2.20E-06;1.36E-05;3.70E-06;2.96E-05;0.000193402;Base;1_1
Ro-Ro cargo ships;4. 10000 - 24999 GT;Distillate marine fuels;11.77444444;187.26;15;0;4;1;0;2.50E-05;0;1.00E+00;0.00E+00;1.77E-05;0;7.54E-06;1.89E-05;7.82E-05;7.22E-07;0;4.26E-08;1.64E-07;3.79E-07;0;1.43E-06;5.14E-07;3.25E-06;0;0;0;0;0;0;0;0;0;3.25E-06;0;9.59E-06;0.000162322;9.53E-05;0.000220032;0;0.001030665;7.16E-05;0;0;0;0;0;0;0;0;7.65E-07;2.41E-06;5.43E-07;1.43E-06;0;0;0;0;0;0;3.44E-09;0;2.03E-10;1.31E-08;3.03E-08;3.03E-08;1.89E-07;5.14E-08;3.14E-07;2.04E-06;Base;1_1
Ro-Ro cargo ships;4. 10000 - 24999 GT;Residual marine fuels, ISO F 80-180;54.79402778;628.015;67.5;01.mai;18.mai;4;2;0.000108977;9.56E-05;1.00E+00;0.00E+00;7.09E-05;7.56E-05;2.53E-05;6.32E-05;0.000482405;3.15E-06;2.77E-06;2.08E-07;7.59E-07;1.51E-06;1.62E-06;4.79E-06;1.72E-06;1.65E-05;0;0;0;0;0;0;0;0;0;1.65E-05;0.000622121;4.68E-05;0.000708806;0.000440848;0.000880127;0.000938886;0.003456549;0.000240055;0;0;0;0;0;0;0;0;6.13E-06;1.54E-05;3.89E-06;4.79E-06;0;0;0;0;0;0;1.50E-08;1.32E-08;9.91E-10;6.07E-08;1.21E-07;1.21E-07;6.32E-07;1.72E-07;1.12E-06;8.18E-06;Base;1_1
Ro-Ro cargo ships;4. 10000 - 24999 GT;Residual marine fuels, ISO F >180;462.8726852;5265.566667;520;8.333333333;101.6666667;30;52;0.000860724;0.000531386;1.00E+00;0.00E+00;0.00053171;0.00196632;0.000212126;0.000530315;0.004880631;2.49E-05;1.54E-05;1.53E-06;4.17E-06;1.14E-05;4.20E-05;4.01E-05;1.45E-05;0.00015394;0;0;0;0;0;0;0;0;0;0.00015394;0.003456227;0.000344086;0.005598306;0.002422679;0.006600956;0.024411039;0.028981297;0.002012728;0;0;0;0;0;0;0;0;4.18E-05;0.000170645;5.75E-05;4.01E-05;0;0;0;0;0;0;1.19E-07;7.32E-08;7.29E-09;3.34E-07;9.09E-07;9.09E-07;5.30E-06;1.45E-06;8.97E-06;8.30E-05;Base;1_1
Ro-Ro cargo ships;5. 25000 - 49999 GT;Residual marine fuels, ISO F >180;53.09680556;759.38;56;0;16;2;8;9.23E-05;0;1.00E+00;0.00E+00;3.54E-05;0.000302511;3.06E-05;7.65E-05;0.000574989;2.67E-06;0;2.00E-07;6.56E-07;7.57E-07;6.46E-06;5.79E-06;2.09E-06;1.86E-05;0;0;0;0;0;0;0;0;0;1.86E-05;0;7.69E-05;0.001027655;0.000652387;0.00075298;0.006426004;0.007151546;0.000496669;0;0;0;0;0;0;0;0;0;4.96E-06;1.88E-05;7.88E-06;5.79E-06;0;0;0;0;0;1.27E-08;0;9.52E-10;5.25E-08;6.06E-08;6.06E-08;7.65E-07;2.09E-07;1.15E-06;1.30E-05;Base;1_1
Ro-Ro cargo ships;6. 50000 - 99999 GT;Residual marine fuels, ISO F >180;15.42694444;222.47;11;0;10;2;0;1.83E-05;0;1.00E+00;0.00E+00;3.54E-05;0;8.96E-06;2.24E-05;0.000106713;5.29E-07;0;6.95E-08;4.10E-07;7.57E-07;0;1.70E-06;6.11E-07;4.07E-06;0;0;0;0;0;0;0;0;0;4.07E-06;0;5.07E-05;0.000386573;0.000773873;0.001429118;0;0.00397646;0.000276162;0;0;0;0;0;0;0;0;0;0;1.21E-06;4.19E-06;1.70E-06;0;0;0;0;0;2.52E-09;0;3.31E-10;3.28E-08;6.06E-08;6.06E-08;2.24E-07;6.11E-08;4.39E-07;3.68E-06;Base;1_1